row_index,movie_id
0,1
1,2
2,3
3,4
4,5
5,6
6,7
7,8
8,9
9,10
10,11
11,12
12,13
13,14
14,15
15,16
16,17
17,18
18,19
19,20
20,21
21,22
22,23
23,24
24,25
25,26
26,27
27,28
28,29
29,30
30,31
31,32
32,33
33,34
34,35
35,36
36,37
37,38
38,39
39,40
40,41
41,42
42,43
43,44
44,45
45,46
46,47
47,48
48,49
49,50
50,52
51,53
52,54
53,55
54,56
55,57
56,58
57,59
58,60
59,61
60,62
61,63
62,64
63,65
64,66
65,67
66,68
67,69
68,70
69,71
70,72
71,73
72,74
73,75
74,76
75,77
76,78
77,79
78,80
79,81
80,82
81,83
82,84
83,85
84,86
85,87
86,88
87,89
88,90
89,92
90,93
91,94
92,95
93,96
94,97
95,98
96,99
97,100
98,101
99,102
100,103
101,104
102,105
103,106
104,107
105,108
106,110
107,111
108,112
109,113
110,114
111,116
112,117
113,118
114,119
115,120
116,121
117,122
118,123
119,125
120,126
121,128
122,129
123,131
124,132
125,135
126,136
127,137
128,138
129,140
130,141
131,144
132,145
133,146
134,147
135,148
136,149
137,150
138,151
139,152
140,153
141,154
142,155
143,156
144,157
145,158
146,159
147,160
148,161
149,162
150,163
151,164
152,165
153,166
154,167
155,168
156,169
157,170
158,171
159,172
160,173
161,174
162,175
163,176
164,177
165,178
166,179
167,180
168,181
169,182
170,183
171,184
172,185
173,186
174,187
175,188
176,189
177,190
178,191
179,192
180,193
181,194
182,195
183,196
184,197
185,198
186,199
187,200
188,201
189,202
190,203
191,204
192,205
193,206
194,207
195,208
196,209
197,210
198,211
199,212
200,213
201,214
202,215
203,216
204,217
205,218
206,219
207,220
208,222
209,223
210,224
211,225
212,227
213,228
214,229
215,230
216,231
217,232
218,233
219,234
220,235
221,236
222,237
223,238
224,239
225,240
226,241
227,242
228,243
229,244
230,245
231,246
232,247
233,248
234,249
235,250
236,251
237,252
238,253
239,254
240,255
241,256
242,257
243,258
244,259
245,260
246,261
247,262
248,263
249,264
250,265
251,266
252,267
253,268
254,269
255,270
256,271
257,272
258,273
259,274
260,275
261,276
262,277
263,278
264,279
265,280
266,281
267,282
268,283
269,285
270,286
271,287
272,288
273,289
274,290
275,291
276,292
277,293
278,294
279,295
280,296
281,297
282,298
283,299
284,300
285,301
286,302
287,303
288,304
289,305
290,306
291,307
292,308
293,309
294,310
295,311
296,312
297,313
298,314
299,315
300,316
301,317
302,318
303,319
304,320
305,321
306,322
307,324
308,325
309,326
310,327
311,328
312,329
313,330
314,331
315,332
316,333
317,334
318,335
319,337
320,338
321,339
322,340
323,341
324,342
325,343
326,344
327,345
328,346
329,347
330,348
331,349
332,350
333,351
334,352
335,353
336,354
337,355
338,356
339,357
340,358
341,359
342,360
343,361
344,362
345,363
346,364
347,365
348,366
349,367
350,368
351,369
352,370
353,371
354,372
355,373
356,374
357,375
358,376
359,377
360,378
361,379
362,380
363,381
364,382
365,383
366,384
367,385
368,386
369,387
370,388
371,389
372,390
373,391
374,392
375,393
376,394
377,397
378,398
379,402
380,405
381,406
382,407
383,408
384,409
385,410
386,411
387,412
388,413
389,414
390,415
391,416
392,417
393,418
394,419
395,420
396,421
397,422
398,423
399,424
400,425
401,426
402,427
403,428
404,429
405,430
406,431
407,432
408,433
409,434
410,435
411,436
412,437
413,438
414,439
415,440
416,441
417,442
418,443
419,444
420,445
421,446
422,447
423,448
424,449
425,450
426,451
427,452
428,453
429,454
430,455
431,456
432,457
433,458
434,459
435,460
436,461
437,462
438,463
439,464
440,465
441,466
442,467
443,468
444,469
445,470
446,471
447,472
448,473
449,474
450,475
451,476
452,477
453,478
454,479
455,480
456,481
457,482
458,483
459,484
460,485
461,486
462,487
463,488
464,489
465,490
466,491
467,492
468,493
469,494
470,495
471,496
472,497
473,498
474,499
475,500
476,501
477,502
478,503
479,504
480,505
481,506
482,507
483,508
484,509
485,510
486,511
487,512
488,513
489,514
490,515
491,516
492,517
493,518
494,519
495,520
496,521
497,522
498,523
499,524
500,525
501,526
502,527
503,528
504,529
505,531
506,532
507,533
508,534
509,535
510,536
511,537
512,538
513,539
514,540
515,541
516,542
517,543
518,544
519,545
520,546
521,547
522,548
523,549
524,550
525,551
526,552
527,553
528,554
529,555
530,556
531,558
532,559
533,561
534,562
535,563
536,564
537,565
538,566
539,568
540,569
541,570
542,571
543,573
544,574
545,575
546,577
547,580
548,581
549,582
550,583
551,585
552,586
553,587
554,588
555,589
556,590
557,592
558,593
559,594
560,595
561,596
562,597
563,598
564,599
565,600
566,601
567,602
568,603
569,605
570,606
571,608
572,609
573,610
574,611
575,612
576,613
577,614
578,615
579,616
580,617
581,618
582,619
583,621
584,624
585,626
586,627
587,628
588,630
589,631
590,632
591,633
592,634
593,635
594,637
595,638
596,639
597,640
598,641
599,645
600,647
601,648
602,649
603,650
604,651
605,652
606,653
607,656
608,658
609,659
610,660
611,661
612,662
613,663
614,664
615,665
616,666
617,667
618,668
619,670
620,671
621,673
622,674
623,678
624,679
625,680
626,681
627,682
628,685
629,687
630,688
631,690
632,691
633,692
634,694
635,695
636,696
637,697
638,698
639,700
640,701
641,702
642,703
643,704
644,705
645,706
646,707
647,708
648,709
649,710
650,711
651,712
652,713
653,714
654,715
655,716
656,717
657,718
658,719
659,720
660,722
661,724
662,725
663,726
664,728
665,729
666,731
667,732
668,733
669,734
670,735
671,736
672,737
673,741
674,742
675,743
676,745
677,746
678,747
679,748
680,750
681,751
682,753
683,754
684,755
685,756
686,757
687,759
688,760
689,761
690,762
691,763
692,764
693,765
694,766
695,771
696,775
697,776
698,778
699,779
700,780
701,781
702,782
703,783
704,784
705,785
706,786
707,787
708,788
709,789
710,790
711,791
712,792
713,793
714,794
715,797
716,798
717,799
718,800
719,801
720,802
721,803
722,804
723,805
724,806
725,807
726,808
727,809
728,810
729,813
730,816
731,818
732,819
733,820
734,821
735,823
736,824
737,827
738,828
739,829
740,830
741,831
742,832
743,833
744,834
745,835
746,836
747,837
748,838
749,839
750,840
751,841
752,842
753,843
754,844
755,845
756,846
757,847
758,848
759,849
760,850
761,851
762,852
763,853
764,854
765,856
766,858
767,860
768,861
769,862
770,863
771,864
772,865
773,866
774,867
775,868
776,869
777,870
778,871
779,872
780,874
781,875
782,876
783,877
784,879
785,880
786,881
787,882
788,884
789,885
790,886
791,888
792,889
793,891
794,892
795,893
796,895
797,896
798,897
799,898
800,899
801,900
802,901
803,902
804,903
805,904
806,905
807,906
808,907
809,908
810,909
811,910
812,911
813,912
814,913
815,914
816,915
817,916
818,917
819,918
820,919
821,920
822,921
823,922
824,923
825,924
826,925
827,926
828,927
829,928
830,929
831,930
832,931
833,932
834,933
835,934
836,935
837,936
838,937
839,938
840,939
841,940
842,941
843,942
844,943
845,944
846,945
847,946
848,947
849,948
850,949
851,950
852,951
853,952
854,953
855,954
856,955
857,956
858,957
859,958
860,959
861,960
862,961
863,962
864,963
865,964
866,965
867,966
868,967
869,968
870,969
871,970
872,971
873,972
874,973
875,974
876,976
877,980
878,981
879,982
880,984
881,985
882,986
883,987
884,988
885,989
886,990
887,991
888,992
889,993
890,994
891,996
892,997
893,998
894,999
895,1000
896,1002
897,1003
898,1004
899,1005
900,1006
901,1007
902,1008
903,1009
904,1010
905,1011
906,1012
907,1013
908,1014
909,1015
910,1016
911,1017
912,1018
913,1019
914,1020
915,1021
916,1022
917,1023
918,1024
919,1025
920,1026
921,1027
922,1028
923,1029
924,1030
925,1031
926,1032
927,1033
928,1034
929,1035
930,1036
931,1037
932,1038
933,1039
934,1040
935,1041
936,1042
937,1043
938,1044
939,1045
940,1046
941,1047
942,1049
943,1050
944,1051
945,1053
946,1054
947,1055
948,1056
949,1057
950,1058
951,1059
952,1060
953,1061
954,1062
955,1063
956,1064
957,1066
958,1067
959,1068
960,1069
961,1070
962,1071
963,1073
964,1075
965,1076
966,1077
967,1078
968,1079
969,1080
970,1081
971,1082
972,1083
973,1084
974,1085
975,1086
976,1087
977,1088
978,1089
979,1090
980,1091
981,1092
982,1093
983,1094
984,1095
985,1096
986,1097
987,1098
988,1099
989,1100
990,1101
991,1102
992,1103
993,1104
994,1105
995,1107
996,1111
997,1112
998,1113
999,1114
1000,1116
1001,1117
1002,1119
1003,1120
1004,1121
1005,1123
1006,1124
1007,1125
1008,1126
1009,1127
1010,1128
1011,1129
1012,1130
1013,1131
1014,1132
1015,1134
1016,1135
1017,1136
1018,1137
1019,1138
1020,1143
1021,1144
1022,1147
1023,1148
1024,1149
1025,1150
1026,1151
1027,1152
1028,1153
1029,1154
1030,1161
1031,1162
1032,1164
1033,1167
1034,1168
1035,1169
1036,1170
1037,1171
1038,1172
1039,1173
1040,1174
1041,1175
1042,1176
1043,1177
1044,1178
1045,1179
1046,1180
1047,1181
1048,1183
1049,1184
1050,1185
1051,1186
1052,1187
1053,1188
1054,1189
1055,1190
1056,1191
1057,1192
1058,1193
1059,1194
1060,1196
1061,1197
1062,1198
1063,1199
1064,1200
1065,1201
1066,1202
1067,1203
1068,1204
1069,1206
1070,1207
1071,1208
1072,1209
1073,1210
1074,1211
1075,1212
1076,1213
1077,1214
1078,1215
1079,1216
1080,1217
1081,1218
1082,1219
1083,1220
1084,1221
1085,1222
1086,1223
1087,1224
1088,1225
1089,1226
1090,1227
1091,1228
1092,1230
1093,1231
1094,1232
1095,1233
1096,1234
1097,1235
1098,1236
1099,1237
1100,1238
1101,1240
1102,1241
1103,1242
1104,1243
1105,1244
1106,1245
1107,1246
1108,1247
1109,1248
1110,1249
1111,1250
1112,1251
1113,1252
1114,1253
1115,1254
1116,1255
1117,1256
1118,1257
1119,1258
1120,1259
1121,1260
1122,1261
1123,1262
1124,1263
1125,1264
1126,1265
1127,1266
1128,1267
1129,1268
1130,1269
1131,1270
1132,1271
1133,1272
1134,1273
1135,1274
1136,1275
1137,1276
1138,1277
1139,1278
1140,1279
1141,1280
1142,1281
1143,1282
1144,1283
1145,1284
1146,1285
1147,1286
1148,1287
1149,1288
1150,1289
1151,1290
1152,1291
1153,1292
1154,1293
1155,1295
1156,1296
1157,1297
1158,1298
1159,1299
1160,1300
1161,1301
1162,1302
1163,1303
1164,1304
1165,1305
1166,1306
1167,1307
1168,1310
1169,1311
1170,1312
1171,1313
1172,1314
1173,1315
1174,1317
1175,1318
1176,1320
1177,1321
1178,1322
1179,1323
1180,1324
1181,1325
1182,1326
1183,1327
1184,1328
1185,1329
1186,1330
1187,1331
1188,1332
1189,1333
1190,1334
1191,1335
1192,1336
1193,1337
1194,1339
1195,1340
1196,1341
1197,1342
1198,1343
1199,1344
1200,1345
1201,1346
1202,1347
1203,1348
1204,1349
1205,1350
1206,1351
1207,1352
1208,1353
1209,1354
1210,1355
1211,1356
1212,1357
1213,1358
1214,1359
1215,1360
1216,1361
1217,1363
1218,1364
1219,1365
1220,1366
1221,1367
1222,1369
1223,1370
1224,1371
1225,1372
1226,1373
1227,1374
1228,1375
1229,1376
1230,1377
1231,1378
1232,1379
1233,1380
1234,1381
1235,1382
1236,1383
1237,1384
1238,1385
1239,1387
1240,1388
1241,1389
1242,1390
1243,1391
1244,1392
1245,1393
1246,1394
1247,1395
1248,1396
1249,1397
1250,1398
1251,1399
1252,1401
1253,1404
1254,1405
1255,1406
1256,1407
1257,1408
1258,1409
1259,1410
1260,1411
1261,1412
1262,1413
1263,1414
1264,1415
1265,1416
1266,1417
1267,1419
1268,1420
1269,1422
1270,1423
1271,1425
1272,1426
1273,1427
1274,1429
1275,1430
1276,1431
1277,1432
1278,1433
1279,1436
1280,1437
1281,1438
1282,1439
1283,1440
1284,1441
1285,1442
1286,1444
1287,1445
1288,1446
1289,1447
1290,1449
1291,1450
1292,1453
1293,1454
1294,1455
1295,1456
1296,1457
1297,1458
1298,1459
1299,1460
1300,1461
1301,1463
1302,1464
1303,1465
1304,1466
1305,1468
1306,1470
1307,1471
1308,1472
1309,1473
1310,1474
1311,1475
1312,1476
1313,1477
1314,1479
1315,1480
1316,1482
1317,1483
1318,1484
1319,1485
1320,1486
1321,1487
1322,1488
1323,1489
1324,1493
1325,1495
1326,1496
1327,1497
1328,1498
1329,1499
1330,1500
1331,1501
1332,1502
1333,1503
1334,1504
1335,1507
1336,1508
1337,1509
1338,1511
1339,1513
1340,1514
1341,1515
1342,1516
1343,1517
1344,1518
1345,1519
1346,1520
1347,1523
1348,1525
1349,1526
1350,1527
1351,1529
1352,1531
1353,1532
1354,1533
1355,1534
1356,1535
1357,1537
1358,1538
1359,1539
1360,1541
1361,1542
1362,1543
1363,1544
1364,1545
1365,1546
1366,1547
1367,1549
1368,1550
1369,1551
1370,1552
1371,1554
1372,1555
1373,1556
1374,1562
1375,1563
1376,1564
1377,1565
1378,1566
1379,1567
1380,1569
1381,1570
1382,1571
1383,1572
1384,1573
1385,1574
1386,1575
1387,1580
1388,1581
1389,1582
1390,1583
1391,1584
1392,1585
1393,1586
1394,1587
1395,1588
1396,1589
1397,1590
1398,1591
1399,1592
1400,1593
1401,1594
1402,1595
1403,1596
1404,1597
1405,1598
1406,1599
1407,1600
1408,1601
1409,1602
1410,1603
1411,1604
1412,1605
1413,1606
1414,1608
1415,1609
1416,1610
1417,1611
1418,1612
1419,1613
1420,1614
1421,1615
1422,1616
1423,1617
1424,1619
1425,1620
1426,1621
1427,1622
1428,1623
1429,1624
1430,1625
1431,1626
1432,1627
1433,1629
1434,1631
1435,1632
1436,1633
1437,1635
1438,1636
1439,1639
1440,1640
1441,1641
1442,1642
1443,1643
1444,1644
1445,1645
1446,1646
1447,1647
1448,1648
1449,1649
1450,1650
1451,1651
1452,1652
1453,1653
1454,1654
1455,1655
1456,1656
1457,1657
1458,1658
1459,1659
1460,1660
1461,1661
1462,1662
1463,1663
1464,1664
1465,1665
1466,1666
1467,1667
1468,1668
1469,1670
1470,1671
1471,1672
1472,1673
1473,1674
1474,1675
1475,1676
1476,1677
1477,1678
1478,1679
1479,1680
1480,1681
1481,1682
1482,1683
1483,1684
1484,1685
1485,1686
1486,1687
1487,1688
1488,1689
1489,1690
1490,1693
1491,1694
1492,1695
1493,1696
1494,1698
1495,1699
1496,1701
1497,1702
1498,1703
1499,1704
1500,1707
1501,1711
1502,1713
1503,1715
1504,1717
1505,1718
1506,1719
1507,1721
1508,1722
1509,1723
1510,1725
1511,1726
1512,1727
1513,1728
1514,1729
1515,1730
1516,1731
1517,1732
1518,1733
1519,1734
1520,1735
1521,1739
1522,1743
1523,1744
1524,1746
1525,1747
1526,1748
1527,1749
1528,1750
1529,1752
1530,1753
1531,1754
1532,1755
1533,1756
1534,1757
1535,1759
1536,1760
1537,1762
1538,1767
1539,1769
1540,1770
1541,1771
1542,1772
1543,1773
1544,1777
1545,1779
1546,1780
1547,1783
1548,1784
1549,1785
1550,1788
1551,1791
1552,1792
1553,1793
1554,1794
1555,1795
1556,1797
1557,1798
1558,1799
1559,1801
1560,1804
1561,1805
1562,1806
1563,1807
1564,1809
1565,1810
1566,1811
1567,1812
1568,1814
1569,1816
1570,1817
1571,1820
1572,1821
1573,1822
1574,1824
1575,1825
1576,1826
1577,1827
1578,1829
1579,1831
1580,1832
1581,1833
1582,1834
1583,1835
1584,1836
1585,1837
1586,1839
1587,1840
1588,1841
1589,1844
1590,1845
1591,1846
1592,1848
1593,1850
1594,1853
1595,1854
1596,1855
1597,1856
1598,1857
1599,1858
1600,1859
1601,1860
1602,1861
1603,1862
1604,1863
1605,1864
1606,1865
1607,1866
1608,1867
1609,1869
1610,1870
1611,1871
1612,1872
1613,1873
1614,1874
1615,1875
1616,1876
1617,1877
1618,1878
1619,1879
1620,1880
1621,1881
1622,1882
1623,1883
1624,1884
1625,1885
1626,1886
1627,1887
1628,1888
1629,1889
1630,1890
1631,1891
1632,1892
1633,1893
1634,1894
1635,1895
1636,1896
1637,1897
1638,1898
1639,1899
1640,1900
1641,1901
1642,1902
1643,1903
1644,1904
1645,1906
1646,1907
1647,1908
1648,1909
1649,1910
1650,1911
1651,1912
1652,1913
1653,1914
1654,1916
1655,1917
1656,1918
1657,1919
1658,1920
1659,1921
1660,1922
1661,1923
1662,1924
1663,1925
1664,1926
1665,1927
1666,1928
1667,1929
1668,1930
1669,1931
1670,1932
1671,1933
1672,1934
1673,1935
1674,1936
1675,1937
1676,1938
1677,1939
1678,1940
1679,1941
1680,1942
1681,1943
1682,1944
1683,1945
1684,1946
1685,1947
1686,1948
1687,1949
1688,1950
1689,1951
1690,1952
1691,1953
1692,1954
1693,1955
1694,1956
1695,1957
1696,1958
1697,1959
1698,1960
1699,1961
1700,1962
1701,1963
1702,1964
1703,1965
1704,1966
1705,1967
1706,1968
1707,1969
1708,1970
1709,1971
1710,1972
1711,1973
1712,1974
1713,1975
1714,1976
1715,1977
1716,1978
1717,1979
1718,1980
1719,1981
1720,1982
1721,1983
1722,1984
1723,1985
1724,1986
1725,1987
1726,1988
1727,1989
1728,1990
1729,1991
1730,1992
1731,1993
1732,1994
1733,1995
1734,1996
1735,1997
1736,1998
1737,1999
1738,2000
1739,2001
1740,2002
1741,2003
1742,2004
1743,2005
1744,2006
1745,2007
1746,2008
1747,2009
1748,2010
1749,2011
1750,2012
1751,2013
1752,2014
1753,2015
1754,2016
1755,2017
1756,2018
1757,2019
1758,2020
1759,2021
1760,2022
1761,2023
1762,2024
1763,2025
1764,2026
1765,2027
1766,2028
1767,2029
1768,2031
1769,2032
1770,2033
1771,2034
1772,2035
1773,2036
1774,2037
1775,2038
1776,2039
1777,2040
1778,2041
1779,2042
1780,2043
1781,2044
1782,2045
1783,2046
1784,2047
1785,2048
1786,2049
1787,2050
1788,2051
1789,2052
1790,2053
1791,2054
1792,2055
1793,2056
1794,2057
1795,2058
1796,2059
1797,2060
1798,2061
1799,2062
1800,2063
1801,2064
1802,2065
1803,2066
1804,2067
1805,2068
1806,2069
1807,2070
1808,2071
1809,2072
1810,2073
1811,2074
1812,2075
1813,2076
1814,2077
1815,2078
1816,2079
1817,2080
1818,2081
1819,2082
1820,2083
1821,2084
1822,2085
1823,2086
1824,2087
1825,2088
1826,2089
1827,2090
1828,2091
1829,2092
1830,2093
1831,2094
1832,2095
1833,2096
1834,2097
1835,2098
1836,2099
1837,2100
1838,2101
1839,2102
1840,2103
1841,2104
1842,2105
1843,2106
1844,2107
1845,2108
1846,2109
1847,2110
1848,2111
1849,2112
1850,2113
1851,2114
1852,2115
1853,2116
1854,2117
1855,2118
1856,2119
1857,2120
1858,2121
1859,2122
1860,2123
1861,2124
1862,2125
1863,2126
1864,2128
1865,2129
1866,2130
1867,2131
1868,2132
1869,2133
1870,2134
1871,2135
1872,2136
1873,2137
1874,2138
1875,2139
1876,2140
1877,2141
1878,2142
1879,2143
1880,2144
1881,2145
1882,2146
1883,2147
1884,2148
1885,2149
1886,2150
1887,2151
1888,2152
1889,2153
1890,2154
1891,2155
1892,2156
1893,2157
1894,2158
1895,2159
1896,2160
1897,2161
1898,2162
1899,2163
1900,2164
1901,2165
1902,2166
1903,2167
1904,2168
1905,2169
1906,2170
1907,2171
1908,2172
1909,2173
1910,2174
1911,2175
1912,2176
1913,2177
1914,2178
1915,2179
1916,2180
1917,2181
1918,2182
1919,2183
1920,2184
1921,2185
1922,2186
1923,2187
1924,2188
1925,2189
1926,2190
1927,2191
1928,2192
1929,2193
1930,2194
1931,2195
1932,2196
1933,2197
1934,2198
1935,2199
1936,2200
1937,2201
1938,2202
1939,2203
1940,2204
1941,2205
1942,2206
1943,2207
1944,2208
1945,2209
1946,2210
1947,2211
1948,2212
1949,2214
1950,2215
1951,2219
1952,2221
1953,2226
1954,2227
1955,2231
1956,2232
1957,2234
1958,2236
1959,2237
1960,2238
1961,2239
1962,2240
1963,2241
1964,2242
1965,2243
1966,2244
1967,2245
1968,2246
1969,2247
1970,2248
1971,2249
1972,2250
1973,2252
1974,2253
1975,2255
1976,2256
1977,2257
1978,2259
1979,2260
1980,2261
1981,2262
1982,2263
1983,2264
1984,2265
1985,2266
1986,2267
1987,2268
1988,2269
1989,2271
1990,2272
1991,2273
1992,2275
1993,2276
1994,2278
1995,2279
1996,2280
1997,2281
1998,2282
1999,2283
2000,2284
2001,2285
2002,2286
2003,2287
2004,2288
2005,2289
2006,2290
2007,2291
2008,2292
2009,2293
2010,2294
2011,2295
2012,2296
2013,2297
2014,2298
2015,2300
2016,2301
2017,2302
2018,2303
2019,2304
2020,2305
2021,2306
2022,2307
2023,2310
2024,2311
2025,2312
2026,2313
2027,2314
2028,2315
2029,2316
2030,2317
2031,2318
2032,2320
2033,2321
2034,2322
2035,2323
2036,2324
2037,2325
2038,2327
2039,2328
2040,2329
2041,2330
2042,2331
2043,2332
2044,2333
2045,2334
2046,2335
2047,2336
2048,2337
2049,2338
2050,2339
2051,2340
2052,2341
2053,2342
2054,2344
2055,2345
2056,2346
2057,2347
2058,2348
2059,2349
2060,2350
2061,2351
2062,2352
2063,2353
2064,2354
2065,2355
2066,2356
2067,2357
2068,2358
2069,2359
2070,2360
2071,2361
2072,2362
2073,2363
2074,2364
2075,2365
2076,2366
2077,2367
2078,2368
2079,2369
2080,2370
2081,2371
2082,2372
2083,2373
2084,2374
2085,2375
2086,2376
2087,2377
2088,2378
2089,2379
2090,2380
2091,2381
2092,2382
2093,2383
2094,2384
2095,2385
2096,2386
2097,2387
2098,2388
2099,2389
2100,2390
2101,2391
2102,2392
2103,2393
2104,2394
2105,2395
2106,2396
2107,2397
2108,2398
2109,2399
2110,2400
2111,2401
2112,2402
2113,2403
2114,2404
2115,2405
2116,2406
2117,2407
2118,2408
2119,2409
2120,2410
2121,2411
2122,2412
2123,2413
2124,2414
2125,2415
2126,2416
2127,2417
2128,2418
2129,2419
2130,2420
2131,2421
2132,2422
2133,2423
2134,2424
2135,2425
2136,2426
2137,2427
2138,2428
2139,2429
2140,2430
2141,2431
2142,2432
2143,2433
2144,2434
2145,2435
2146,2436
2147,2437
2148,2439
2149,2440
2150,2441
2151,2442
2152,2443
2153,2444
2154,2445
2155,2446
2156,2447
2157,2448
2158,2449
2159,2450
2160,2451
2161,2452
2162,2453
2163,2454
2164,2455
2165,2456
2166,2457
2167,2458
2168,2459
2169,2460
2170,2461
2171,2462
2172,2463
2173,2464
2174,2465
2175,2466
2176,2467
2177,2468
2178,2469
2179,2470
2180,2471
2181,2472
2182,2473
2183,2474
2184,2475
2185,2476
2186,2478
2187,2479
2188,2481
2189,2482
2190,2483
2191,2485
2192,2486
2193,2487
2194,2488
2195,2490
2196,2491
2197,2492
2198,2493
2199,2494
2200,2495
2201,2496
2202,2497
2203,2498
2204,2499
2205,2500
2206,2501
2207,2502
2208,2503
2209,2504
2210,2505
2211,2506
2212,2507
2213,2509
2214,2510
2215,2511
2216,2512
2217,2513
2218,2514
2219,2515
2220,2516
2221,2517
2222,2518
2223,2519
2224,2520
2225,2521
2226,2522
2227,2523
2228,2524
2229,2525
2230,2526
2231,2527
2232,2528
2233,2529
2234,2530
2235,2531
2236,2532
2237,2533
2238,2534
2239,2535
2240,2536
2241,2537
2242,2539
2243,2540
2244,2541
2245,2542
2246,2543
2247,2544
2248,2545
2249,2546
2250,2548
2251,2549
2252,2550
2253,2551
2254,2552
2255,2553
2256,2554
2257,2555
2258,2557
2259,2558
2260,2559
2261,2560
2262,2561
2263,2562
2264,2563
2265,2565
2266,2566
2267,2567
2268,2568
2269,2569
2270,2570
2271,2571
2272,2572
2273,2574
2274,2575
2275,2577
2276,2578
2277,2579
2278,2580
2279,2581
2280,2582
2281,2583
2282,2585
2283,2586
2284,2587
2285,2589
2286,2590
2287,2593
2288,2594
2289,2596
2290,2597
2291,2598
2292,2599
2293,2600
2294,2602
2295,2605
2296,2606
2297,2607
2298,2608
2299,2609
2300,2610
2301,2611
2302,2612
2303,2613
2304,2614
2305,2615
2306,2616
2307,2617
2308,2618
2309,2620
2310,2621
2311,2622
2312,2624
2313,2625
2314,2626
2315,2627
2316,2628
2317,2629
2318,2630
2319,2632
2320,2633
2321,2634
2322,2635
2323,2636
2324,2637
2325,2638
2326,2639
2327,2640
2328,2641
2329,2642
2330,2643
2331,2644
2332,2646
2333,2647
2334,2648
2335,2649
2336,2650
2337,2651
2338,2652
2339,2653
2340,2654
2341,2655
2342,2656
2343,2657
2344,2659
2345,2660
2346,2661
2347,2662
2348,2663
2349,2664
2350,2665
2351,2666
2352,2667
2353,2668
2354,2669
2355,2670
2356,2671
2357,2672
2358,2673
2359,2674
2360,2675
2361,2676
2362,2677
2363,2678
2364,2679
2365,2681
2366,2682
2367,2683
2368,2685
2369,2686
2370,2687
2371,2688
2372,2689
2373,2690
2374,2691
2375,2692
2376,2693
2377,2694
2378,2695
2379,2696
2380,2697
2381,2699
2382,2700
2383,2701
2384,2702
2385,2704
2386,2705
2387,2706
2388,2707
2389,2708
2390,2709
2391,2710
2392,2712
2393,2713
2394,2714
2395,2715
2396,2716
2397,2717
2398,2718
2399,2719
2400,2720
2401,2721
2402,2722
2403,2723
2404,2724
2405,2725
2406,2726
2407,2727
2408,2728
2409,2729
2410,2730
2411,2731
2412,2732
2413,2733
2414,2734
2415,2735
2416,2736
2417,2737
2418,2738
2419,2739
2420,2740
2421,2741
2422,2743
2423,2744
2424,2745
2425,2746
2426,2747
2427,2748
2428,2749
2429,2750
2430,2751
2431,2752
2432,2753
2433,2754
2434,2755
2435,2756
2436,2757
2437,2758
2438,2759
2439,2760
2440,2761
2441,2762
2442,2763
2443,2764
2444,2765
2445,2766
2446,2767
2447,2768
2448,2769
2449,2770
2450,2771
2451,2772
2452,2773
2453,2774
2454,2775
2455,2776
2456,2777
2457,2778
2458,2779
2459,2780
2460,2781
2461,2782
2462,2783
2463,2784
2464,2785
2465,2786
2466,2787
2467,2788
2468,2789
2469,2790
2470,2791
2471,2792
2472,2793
2473,2794
2474,2795
2475,2796
2476,2797
2477,2798
2478,2799
2479,2800
2480,2801
2481,2802
2482,2803
2483,2804
2484,2805
2485,2806
2486,2807
2487,2808
2488,2809
2489,2810
2490,2812
2491,2813
2492,2814
2493,2815
2494,2816
2495,2817
2496,2818
2497,2819
2498,2820
2499,2822
2500,2824
2501,2825
2502,2826
2503,2827
2504,2828
2505,2829
2506,2830
2507,2831
2508,2833
2509,2834
2510,2835
2511,2836
2512,2837
2513,2839
2514,2840
2515,2841
2516,2842
2517,2843
2518,2844
2519,2846
2520,2847
2521,2848
2522,2849
2523,2850
2524,2851
2525,2852
2526,2853
2527,2854
2528,2855
2529,2856
2530,2857
2531,2858
2532,2859
2533,2860
2534,2861
2535,2862
2536,2863
2537,2864
2538,2865
2539,2866
2540,2867
2541,2868
2542,2869
2543,2870
2544,2871
2545,2872
2546,2873
2547,2874
2548,2875
2549,2876
2550,2877
2551,2878
2552,2879
2553,2880
2554,2881
2555,2882
2556,2883
2557,2885
2558,2886
2559,2887
2560,2888
2561,2889
2562,2890
2563,2891
2564,2892
2565,2893
2566,2894
2567,2896
2568,2897
2569,2898
2570,2899
2571,2900
2572,2901
2573,2902
2574,2903
2575,2904
2576,2905
2577,2906
2578,2907
2579,2908
2580,2910
2581,2911
2582,2912
2583,2913
2584,2914
2585,2915
2586,2916
2587,2917
2588,2918
2589,2919
2590,2920
2591,2921
2592,2922
2593,2923
2594,2924
2595,2925
2596,2926
2597,2927
2598,2928
2599,2929
2600,2930
2601,2931
2602,2932
2603,2933
2604,2935
2605,2936
2606,2937
2607,2938
2608,2939
2609,2940
2610,2941
2611,2942
2612,2943
2613,2944
2614,2945
2615,2946
2616,2947
2617,2948
2618,2949
2619,2950
2620,2951
2621,2952
2622,2953
2623,2956
2624,2959
2625,2960
2626,2961
2627,2962
2628,2963
2629,2964
2630,2965
2631,2966
2632,2967
2633,2968
2634,2969
2635,2970
2636,2971
2637,2972
2638,2973
2639,2974
2640,2975
2641,2976
2642,2977
2643,2978
2644,2979
2645,2981
2646,2982
2647,2983
2648,2984
2649,2985
2650,2986
2651,2987
2652,2988
2653,2989
2654,2990
2655,2991
2656,2992
2657,2993
2658,2994
2659,2995
2660,2996
2661,2997
2662,2998
2663,2999
2664,3000
2665,3001
2666,3002
2667,3003
2668,3004
2669,3005
2670,3006
2671,3007
2672,3008
2673,3010
2674,3011
2675,3012
2676,3013
2677,3014
2678,3015
2679,3016
2680,3017
2681,3018
2682,3019
2683,3020
2684,3021
2685,3022
2686,3024
2687,3025
2688,3026
2689,3027
2690,3028
2691,3029
2692,3030
2693,3031
2694,3032
2695,3033
2696,3034
2697,3035
2698,3036
2699,3037
2700,3038
2701,3039
2702,3040
2703,3041
2704,3042
2705,3043
2706,3044
2707,3045
2708,3046
2709,3047
2710,3048
2711,3049
2712,3050
2713,3051
2714,3052
2715,3053
2716,3054
2717,3055
2718,3056
2719,3057
2720,3058
2721,3060
2722,3061
2723,3062
2724,3063
2725,3064
2726,3066
2727,3067
2728,3068
2729,3069
2730,3070
2731,3071
2732,3072
2733,3073
2734,3074
2735,3075
2736,3076
2737,3077
2738,3078
2739,3079
2740,3081
2741,3082
2742,3083
2743,3086
2744,3087
2745,3088
2746,3089
2747,3090
2748,3091
2749,3092
2750,3093
2751,3094
2752,3095
2753,3096
2754,3097
2755,3098
2756,3099
2757,3100
2758,3101
2759,3102
2760,3103
2761,3104
2762,3105
2763,3106
2764,3107
2765,3108
2766,3109
2767,3110
2768,3111
2769,3112
2770,3113
2771,3114
2772,3115
2773,3117
2774,3118
2775,3119
2776,3120
2777,3121
2778,3122
2779,3124
2780,3125
2781,3126
2782,3127
2783,3129
2784,3130
2785,3132
2786,3133
2787,3134
2788,3135
2789,3137
2790,3138
2791,3139
2792,3140
2793,3141
2794,3142
2795,3143
2796,3144
2797,3145
2798,3146
2799,3147
2800,3148
2801,3149
2802,3150
2803,3152
2804,3153
2805,3155
2806,3156
2807,3157
2808,3158
2809,3159
2810,3160
2811,3161
2812,3162
2813,3163
2814,3165
2815,3166
2816,3167
2817,3168
2818,3169
2819,3171
2820,3172
2821,3173
2822,3174
2823,3175
2824,3176
2825,3177
2826,3178
2827,3179
2828,3180
2829,3181
2830,3182
2831,3183
2832,3185
2833,3186
2834,3189
2835,3190
2836,3192
2837,3194
2838,3196
2839,3197
2840,3198
2841,3199
2842,3200
2843,3201
2844,3202
2845,3203
2846,3204
2847,3205
2848,3206
2849,3207
2850,3208
2851,3210
2852,3211
2853,3213
2854,3214
2855,3215
2856,3216
2857,3217
2858,3218
2859,3219
2860,3221
2861,3222
2862,3223
2863,3224
2864,3225
2865,3230
2866,3232
2867,3235
2868,3238
2869,3239
2870,3240
2871,3241
2872,3242
2873,3243
2874,3244
2875,3245
2876,3246
2877,3247
2878,3248
2879,3249
2880,3250
2881,3251
2882,3252
2883,3253
2884,3254
2885,3255
2886,3256
2887,3257
2888,3258
2889,3259
2890,3260
2891,3261
2892,3262
2893,3263
2894,3264
2895,3265
2896,3266
2897,3267
2898,3268
2899,3269
2900,3270
2901,3271
2902,3272
2903,3273
2904,3274
2905,3275
2906,3276
2907,3281
2908,3282
2909,3283
2910,3284
2911,3285
2912,3286
2913,3287
2914,3289
2915,3292
2916,3295
2917,3296
2918,3298
2919,3299
2920,3300
2921,3301
2922,3302
2923,3303
2924,3304
2925,3306
2926,3307
2927,3308
2928,3309
2929,3310
2930,3311
2931,3313
2932,3316
2933,3317
2934,3318
2935,3319
2936,3320
2937,3322
2938,3323
2939,3324
2940,3325
2941,3326
2942,3327
2943,3328
2944,3329
2945,3330
2946,3331
2947,3333
2948,3334
2949,3335
2950,3338
2951,3339
2952,3340
2953,3341
2954,3342
2955,3343
2956,3344
2957,3345
2958,3347
2959,3349
2960,3350
2961,3351
2962,3354
2963,3355
2964,3357
2965,3358
2966,3359
2967,3360
2968,3361
2969,3362
2970,3363
2971,3364
2972,3365
2973,3367
2974,3368
2975,3370
2976,3371
2977,3372
2978,3374
2979,3375
2980,3378
2981,3379
2982,3384
2983,3385
2984,3386
2985,3387
2986,3388
2987,3389
2988,3390
2989,3391
2990,3392
2991,3393
2992,3394
2993,3395
2994,3396
2995,3397
2996,3398
2997,3399
2998,3400
2999,3401
3000,3402
3001,3403
3002,3404
3003,3405
3004,3406
3005,3408
3006,3409
3007,3410
3008,3412
3009,3414
3010,3415
3011,3417
3012,3418
3013,3419
3014,3420
3015,3421
3016,3422
3017,3423
3018,3424
3019,3425
3020,3426
3021,3427
3022,3428
3023,3429
3024,3430
3025,3431
3026,3432
3027,3433
3028,3434
3029,3435
3030,3436
3031,3437
3032,3438
3033,3439
3034,3440
3035,3441
3036,3442
3037,3443
3038,3444
3039,3445
3040,3446
3041,3447
3042,3448
3043,3449
3044,3450
3045,3451
3046,3452
3047,3453
3048,3454
3049,3456
3050,3457
3051,3459
3052,3461
3053,3462
3054,3463
3055,3464
3056,3465
3057,3466
3058,3467
3059,3468
3060,3469
3061,3470
3062,3471
3063,3472
3064,3473
3065,3474
3066,3475
3067,3476
3068,3477
3069,3478
3070,3479
3071,3480
3072,3481
3073,3483
3074,3484
3075,3486
3076,3487
3077,3488
3078,3489
3079,3490
3080,3491
3081,3492
3082,3494
3083,3495
3084,3496
3085,3497
3086,3498
3087,3499
3088,3500
3089,3501
3090,3502
3091,3503
3092,3504
3093,3505
3094,3506
3095,3507
3096,3508
3097,3509
3098,3510
3099,3511
3100,3512
3101,3513
3102,3514
3103,3515
3104,3516
3105,3518
3106,3519
3107,3520
3108,3521
3109,3523
3110,3524
3111,3525
3112,3526
3113,3527
3114,3528
3115,3529
3116,3531
3117,3533
3118,3534
3119,3535
3120,3536
3121,3537
3122,3538
3123,3539
3124,3540
3125,3543
3126,3544
3127,3545
3128,3546
3129,3547
3130,3548
3131,3549
3132,3550
3133,3551
3134,3552
3135,3553
3136,3554
3137,3555
3138,3556
3139,3557
3140,3559
3141,3562
3142,3563
3143,3564
3144,3565
3145,3566
3146,3567
3147,3568
3148,3569
3149,3571
3150,3572
3151,3573
3152,3574
3153,3576
3154,3577
3155,3578
3156,3580
3157,3581
3158,3584
3159,3585
3160,3586
3161,3587
3162,3588
3163,3590
3164,3591
3165,3592
3166,3593
3167,3594
3168,3595
3169,3596
3170,3597
3171,3598
3172,3599
3173,3600
3174,3602
3175,3604
3176,3605
3177,3606
3178,3608
3179,3609
3180,3610
3181,3611
3182,3612
3183,3613
3184,3614
3185,3615
3186,3616
3187,3617
3188,3618
3189,3619
3190,3620
3191,3621
3192,3622
3193,3623
3194,3624
3195,3625
3196,3626
3197,3627
3198,3628
3199,3629
3200,3632
3201,3633
3202,3634
3203,3635
3204,3636
3205,3637
3206,3638
3207,3639
3208,3640
3209,3641
3210,3643
3211,3644
3212,3645
3213,3646
3214,3648
3215,3649
3216,3652
3217,3653
3218,3654
3219,3655
3220,3658
3221,3659
3222,3660
3223,3661
3224,3662
3225,3663
3226,3664
3227,3665
3228,3666
3229,3667
3230,3668
3231,3669
3232,3670
3233,3671
3234,3672
3235,3673
3236,3674
3237,3675
3238,3676
3239,3677
3240,3678
3241,3679
3242,3680
3243,3681
3244,3682
3245,3683
3246,3684
3247,3685
3248,3686
3249,3687
3250,3688
3251,3689
3252,3690
3253,3691
3254,3692
3255,3693
3256,3694
3257,3695
3258,3696
3259,3697
3260,3698
3261,3699
3262,3700
3263,3701
3264,3702
3265,3703
3266,3704
3267,3705
3268,3706
3269,3707
3270,3708
3271,3709
3272,3710
3273,3711
3274,3712
3275,3713
3276,3714
3277,3715
3278,3716
3279,3717
3280,3718
3281,3720
3282,3721
3283,3722
3284,3723
3285,3724
3286,3725
3287,3726
3288,3727
3289,3728
3290,3729
3291,3730
3292,3731
3293,3732
3294,3733
3295,3734
3296,3735
3297,3736
3298,3737
3299,3738
3300,3739
3301,3740
3302,3741
3303,3742
3304,3743
3305,3744
3306,3745
3307,3746
3308,3747
3309,3749
3310,3751
3311,3752
3312,3753
3313,3754
3314,3755
3315,3756
3316,3757
3317,3758
3318,3759
3319,3760
3320,3761
3321,3763
3322,3764
3323,3765
3324,3766
3325,3767
3326,3768
3327,3769
3328,3770
3329,3771
3330,3773
3331,3774
3332,3775
3333,3776
3334,3777
3335,3780
3336,3781
3337,3782
3338,3783
3339,3784
3340,3785
3341,3786
3342,3787
3343,3788
3344,3789
3345,3790
3346,3791
3347,3792
3348,3793
3349,3794
3350,3795
3351,3796
3352,3797
3353,3798
3354,3799
3355,3801
3356,3802
3357,3804
3358,3805
3359,3806
3360,3807
3361,3808
3362,3809
3363,3810
3364,3811
3365,3812
3366,3813
3367,3814
3368,3816
3369,3817
3370,3819
3371,3820
3372,3821
3373,3822
3374,3823
3375,3824
3376,3825
3377,3826
3378,3827
3379,3830
3380,3831
3381,3832
3382,3833
3383,3834
3384,3835
3385,3836
3386,3837
3387,3838
3388,3839
3389,3840
3390,3841
3391,3843
3392,3844
3393,3845
3394,3846
3395,3847
3396,3848
3397,3849
3398,3851
3399,3852
3400,3853
3401,3854
3402,3855
3403,3857
3404,3858
3405,3859
3406,3860
3407,3861
3408,3862
3409,3863
3410,3864
3411,3865
3412,3867
3413,3868
3414,3869
3415,3870
3416,3871
3417,3872
3418,3873
3419,3874
3420,3875
3421,3876
3422,3877
3423,3878
3424,3879
3425,3880
3426,3881
3427,3882
3428,3883
3429,3884
3430,3885
3431,3886
3432,3888
3433,3889
3434,3892
3435,3893
3436,3894
3437,3895
3438,3896
3439,3897
3440,3898
3441,3899
3442,3900
3443,3901
3444,3902
3445,3903
3446,3905
3447,3906
3448,3908
3449,3909
3450,3910
3451,3911
3452,3912
3453,3913
3454,3914
3455,3915
3456,3916
3457,3917
3458,3918
3459,3919
3460,3920
3461,3921
3462,3922
3463,3923
3464,3924
3465,3925
3466,3926
3467,3927
3468,3928
3469,3929
3470,3930
3471,3931
3472,3932
3473,3933
3474,3934
3475,3936
3476,3937
3477,3938
3478,3939
3479,3940
3480,3941
3481,3942
3482,3943
3483,3944
3484,3945
3485,3946
3486,3947
3487,3948
3488,3949
3489,3950
3490,3951
3491,3952
3492,3953
3493,3954
3494,3955
3495,3956
3496,3957
3497,3958
3498,3959
3499,3960
3500,3961
3501,3962
3502,3963
3503,3964
3504,3965
3505,3966
3506,3967
3507,3968
3508,3969
3509,3970
3510,3971
3511,3972
3512,3973
3513,3974
3514,3975
3515,3976
3516,3977
3517,3978
3518,3979
3519,3980
3520,3981
3521,3982
3522,3983
3523,3984
3524,3985
3525,3986
3526,3987
3527,3988
3528,3989
3529,3990
3530,3991
3531,3992
3532,3993
3533,3994
3534,3996
3535,3997
3536,3998
3537,3999
3538,4000
3539,4001
3540,4002
3541,4003
3542,4005
3543,4006
3544,4007
3545,4008
3546,4009
3547,4010
3548,4011
3549,4012
3550,4014
3551,4015
3552,4016
3553,4017
3554,4018
3555,4019
3556,4020
3557,4021
3558,4022
3559,4023
3560,4024
3561,4025
3562,4026
3563,4027
3564,4028
3565,4029
3566,4030
3567,4031
3568,4032
3569,4033
3570,4034
3571,4035
3572,4036
3573,4037
3574,4038
3575,4039
3576,4040
3577,4041
3578,4042
3579,4043
3580,4044
3581,4045
3582,4046
3583,4047
3584,4048
3585,4049
3586,4051
3587,4052
3588,4053
3589,4054
3590,4055
3591,4056
3592,4060
3593,4061
3594,4062
3595,4063
3596,4064
3597,4065
3598,4066
3599,4067
3600,4068
3601,4069
3602,4072
3603,4073
3604,4074
3605,4077
3606,4078
3607,4079
3608,4080
3609,4081
3610,4082
3611,4083
3612,4084
3613,4085
3614,4086
3615,4087
3616,4089
3617,4090
3618,4091
3619,4092
3620,4093
3621,4094
3622,4095
3623,4097
3624,4098
3625,4099
3626,4100
3627,4102
3628,4103
3629,4104
3630,4105
3631,4106
3632,4108
3633,4109
3634,4110
3635,4111
3636,4113
3637,4115
3638,4116
3639,4117
3640,4118
3641,4119
3642,4121
3643,4122
3644,4123
3645,4124
3646,4125
3647,4126
3648,4127
3649,4128
3650,4129
3651,4130
3652,4131
3653,4132
3654,4133
3655,4135
3656,4136
3657,4137
3658,4138
3659,4139
3660,4140
3661,4141
3662,4142
3663,4143
3664,4144
3665,4146
3666,4147
3667,4148
3668,4149
3669,4151
3670,4152
3671,4153
3672,4154
3673,4155
3674,4156
3675,4157
3676,4158
3677,4159
3678,4160
3679,4161
3680,4162
3681,4164
3682,4165
3683,4166
3684,4167
3685,4168
3686,4169
3687,4173
3688,4174
3689,4175
3690,4176
3691,4177
3692,4178
3693,4179
3694,4180
3695,4181
3696,4182
3697,4183
3698,4184
3699,4185
3700,4186
3701,4187
3702,4188
3703,4189
3704,4190
3705,4191
3706,4192
3707,4193
3708,4194
3709,4195
3710,4196
3711,4197
3712,4198
3713,4199
3714,4200
3715,4201
3716,4203
3717,4204
3718,4205
3719,4206
3720,4207
3721,4208
3722,4209
3723,4210
3724,4211
3725,4212
3726,4213
3727,4214
3728,4215
3729,4216
3730,4217
3731,4218
3732,4219
3733,4220
3734,4221
3735,4222
3736,4223
3737,4224
3738,4225
3739,4226
3740,4227
3741,4228
3742,4229
3743,4231
3744,4232
3745,4233
3746,4234
3747,4235
3748,4236
3749,4237
3750,4238
3751,4239
3752,4240
3753,4241
3754,4242
3755,4243
3756,4244
3757,4245
3758,4246
3759,4247
3760,4248
3761,4249
3762,4250
3763,4251
3764,4252
3765,4253
3766,4254
3767,4255
3768,4256
3769,4259
3770,4262
3771,4263
3772,4265
3773,4266
3774,4267
3775,4268
3776,4270
3777,4271
3778,4272
3779,4273
3780,4274
3781,4275
3782,4276
3783,4277
3784,4278
3785,4279
3786,4280
3787,4281
3788,4282
3789,4283
3790,4284
3791,4285
3792,4286
3793,4287
3794,4288
3795,4289
3796,4290
3797,4291
3798,4292
3799,4293
3800,4294
3801,4296
3802,4297
3803,4298
3804,4299
3805,4300
3806,4301
3807,4302
3808,4303
3809,4304
3810,4305
3811,4306
3812,4307
3813,4308
3814,4310
3815,4312
3816,4313
3817,4314
3818,4316
3819,4317
3820,4318
3821,4319
3822,4320
3823,4321
3824,4322
3825,4323
3826,4324
3827,4325
3828,4326
3829,4327
3830,4328
3831,4329
3832,4330
3833,4331
3834,4332
3835,4333
3836,4334
3837,4335
3838,4336
3839,4337
3840,4338
3841,4339
3842,4340
3843,4341
3844,4342
3845,4343
3846,4344
3847,4345
3848,4347
3849,4349
3850,4350
3851,4351
3852,4352
3853,4353
3854,4354
3855,4355
3856,4356
3857,4357
3858,4359
3859,4360
3860,4361
3861,4363
3862,4366
3863,4367
3864,4368
3865,4369
3866,4370
3867,4371
3868,4372
3869,4373
3870,4375
3871,4376
3872,4378
3873,4380
3874,4381
3875,4383
3876,4384
3877,4386
3878,4387
3879,4388
3880,4389
3881,4390
3882,4391
3883,4392
3884,4393
3885,4394
3886,4395
3887,4396
3888,4397
3889,4398
3890,4399
3891,4400
3892,4401
3893,4402
3894,4403
3895,4404
3896,4405
3897,4406
3898,4407
3899,4408
3900,4409
3901,4410
3902,4411
3903,4412
3904,4414
3905,4415
3906,4416
3907,4417
3908,4418
3909,4419
3910,4420
3911,4422
3912,4423
3913,4424
3914,4425
3915,4426
3916,4427
3917,4428
3918,4429
3919,4430
3920,4432
3921,4433
3922,4434
3923,4436
3924,4437
3925,4438
3926,4439
3927,4440
3928,4441
3929,4442
3930,4443
3931,4444
3932,4445
3933,4446
3934,4447
3935,4448
3936,4450
3937,4451
3938,4452
3939,4453
3940,4454
3941,4458
3942,4459
3943,4462
3944,4463
3945,4464
3946,4465
3947,4466
3948,4467
3949,4468
3950,4469
3951,4470
3952,4471
3953,4472
3954,4473
3955,4474
3956,4475
3957,4476
3958,4477
3959,4478
3960,4479
3961,4480
3962,4481
3963,4482
3964,4483
3965,4484
3966,4485
3967,4486
3968,4487
3969,4488
3970,4489
3971,4490
3972,4491
3973,4492
3974,4493
3975,4494
3976,4495
3977,4496
3978,4497
3979,4498
3980,4499
3981,4500
3982,4501
3983,4502
3984,4503
3985,4504
3986,4505
3987,4506
3988,4508
3989,4509
3990,4510
3991,4511
3992,4512
3993,4513
3994,4514
3995,4515
3996,4516
3997,4517
3998,4518
3999,4519
4000,4520
4001,4521
4002,4522
4003,4523
4004,4524
4005,4525
4006,4526
4007,4527
4008,4528
4009,4529
4010,4530
4011,4531
4012,4532
4013,4533
4014,4534
4015,4535
4016,4536
4017,4537
4018,4540
4019,4541
4020,4543
4021,4544
4022,4545
4023,4546
4024,4547
4025,4548
4026,4550
4027,4552
4028,4553
4029,4555
4030,4557
4031,4558
4032,4559
4033,4560
4034,4561
4035,4562
4036,4563
4037,4564
4038,4565
4039,4566
4040,4567
4041,4568
4042,4569
4043,4570
4044,4571
4045,4572
4046,4573
4047,4574
4048,4575
4049,4576
4050,4577
4051,4578
4052,4579
4053,4580
4054,4581
4055,4582
4056,4583
4057,4584
4058,4585
4059,4586
4060,4587
4061,4588
4062,4589
4063,4590
4064,4591
4065,4592
4066,4593
4067,4594
4068,4595
4069,4597
4070,4598
4071,4599
4072,4600
4073,4601
4074,4602
4075,4603
4076,4605
4077,4606
4078,4607
4079,4608
4080,4609
4081,4610
4082,4611
4083,4612
4084,4613
4085,4614
4086,4615
4087,4616
4088,4617
4089,4618
4090,4619
4091,4620
4092,4621
4093,4622
4094,4623
4095,4624
4096,4625
4097,4626
4098,4627
4099,4628
4100,4629
4101,4630
4102,4631
4103,4632
4104,4633
4105,4634
4106,4635
4107,4636
4108,4637
4109,4638
4110,4639
4111,4640
4112,4641
4113,4642
4114,4643
4115,4644
4116,4645
4117,4646
4118,4649
4119,4650
4120,4651
4121,4652
4122,4653
4123,4654
4124,4655
4125,4657
4126,4658
4127,4659
4128,4660
4129,4661
4130,4662
4131,4663
4132,4664
4133,4665
4134,4666
4135,4667
4136,4669
4137,4670
4138,4671
4139,4672
4140,4673
4141,4674
4142,4675
4143,4676
4144,4677
4145,4678
4146,4679
4147,4680
4148,4681
4149,4682
4150,4683
4151,4684
4152,4685
4153,4686
4154,4687
4155,4688
4156,4689
4157,4690
4158,4691
4159,4692
4160,4694
4161,4695
4162,4696
4163,4697
4164,4698
4165,4699
4166,4700
4167,4701
4168,4702
4169,4703
4170,4704
4171,4705
4172,4706
4173,4707
4174,4708
4175,4709
4176,4710
4177,4711
4178,4712
4179,4713
4180,4714
4181,4715
4182,4716
4183,4717
4184,4718
4185,4719
4186,4720
4187,4721
4188,4722
4189,4723
4190,4725
4191,4727
4192,4728
4193,4729
4194,4731
4195,4732
4196,4733
4197,4734
4198,4735
4199,4736
4200,4737
4201,4738
4202,4740
4203,4741
4204,4743
4205,4744
4206,4745
4207,4746
4208,4748
4209,4749
4210,4750
4211,4751
4212,4752
4213,4753
4214,4754
4215,4755
4216,4756
4217,4757
4218,4758
4219,4759
4220,4761
4221,4763
4222,4764
4223,4765
4224,4766
4225,4767
4226,4768
4227,4769
4228,4770
4229,4771
4230,4772
4231,4773
4232,4774
4233,4775
4234,4776
4235,4777
4236,4779
4237,4780
4238,4781
4239,4782
4240,4783
4241,4784
4242,4785
4243,4786
4244,4787
4245,4788
4246,4789
4247,4790
4248,4791
4249,4792
4250,4793
4251,4794
4252,4795
4253,4796
4254,4797
4255,4798
4256,4799
4257,4800
4258,4801
4259,4802
4260,4803
4261,4804
4262,4805
4263,4806
4264,4807
4265,4808
4266,4809
4267,4810
4268,4811
4269,4812
4270,4813
4271,4814
4272,4815
4273,4816
4274,4817
4275,4819
4276,4821
4277,4822
4278,4823
4279,4824
4280,4826
4281,4827
4282,4828
4283,4829
4284,4830
4285,4831
4286,4832
4287,4833
4288,4834
4289,4835
4290,4836
4291,4837
4292,4838
4293,4839
4294,4840
4295,4841
4296,4842
4297,4844
4298,4845
4299,4846
4300,4847
4301,4848
4302,4850
4303,4852
4304,4853
4305,4854
4306,4855
4307,4857
4308,4858
4309,4860
4310,4861
4311,4862
4312,4863
4313,4864
4314,4865
4315,4866
4316,4867
4317,4868
4318,4869
4319,4870
4320,4871
4321,4872
4322,4873
4323,4874
4324,4875
4325,4876
4326,4877
4327,4878
4328,4879
4329,4880
4330,4881
4331,4884
4332,4885
4333,4886
4334,4887
4335,4888
4336,4889
4337,4890
4338,4893
4339,4894
4340,4895
4341,4896
4342,4897
4343,4898
4344,4899
4345,4900
4346,4901
4347,4902
4348,4903
4349,4907
4350,4908
4351,4909
4352,4911
4353,4912
4354,4914
4355,4915
4356,4916
4357,4917
4358,4918
4359,4919
4360,4920
4361,4921
4362,4922
4363,4923
4364,4925
4365,4926
4366,4927
4367,4928
4368,4929
4369,4930
4370,4932
4371,4934
4372,4936
4373,4937
4374,4939
4375,4941
4376,4942
4377,4943
4378,4944
4379,4945
4380,4946
4381,4947
4382,4949
4383,4950
4384,4951
4385,4952
4386,4953
4387,4954
4388,4955
4389,4956
4390,4957
4391,4958
4392,4959
4393,4960
4394,4961
4395,4962
4396,4963
4397,4964
4398,4965
4399,4966
4400,4967
4401,4968
4402,4969
4403,4970
4404,4971
4405,4972
4406,4973
4407,4974
4408,4975
4409,4976
4410,4977
4411,4978
4412,4979
4413,4980
4414,4981
4415,4982
4416,4983
4417,4984
4418,4985
4419,4986
4420,4987
4421,4988
4422,4989
4423,4990
4424,4991
4425,4992
4426,4993
4427,4994
4428,4995
4429,4996
4430,4997
4431,4998
4432,4999
4433,5000
4434,5001
4435,5002
4436,5003
4437,5004
4438,5005
4439,5006
4440,5007
4441,5008
4442,5009
4443,5010
4444,5011
4445,5012
4446,5013
4447,5014
4448,5015
4449,5016
4450,5017
4451,5021
4452,5022
4453,5023
4454,5024
4455,5025
4456,5026
4457,5027
4458,5028
4459,5029
4460,5033
4461,5034
4462,5035
4463,5036
4464,5037
4465,5038
4466,5039
4467,5040
4468,5041
4469,5042
4470,5044
4471,5045
4472,5046
4473,5047
4474,5048
4475,5049
4476,5051
4477,5053
4478,5054
4479,5055
4480,5056
4481,5057
4482,5058
4483,5059
4484,5060
4485,5061
4486,5062
4487,5063
4488,5064
4489,5065
4490,5066
4491,5068
4492,5069
4493,5071
4494,5072
4495,5073
4496,5074
4497,5075
4498,5076
4499,5077
4500,5078
4501,5079
4502,5080
4503,5081
4504,5083
4505,5085
4506,5086
4507,5087
4508,5088
4509,5090
4510,5092
4511,5093
4512,5094
4513,5095
4514,5096
4515,5097
4516,5098
4517,5099
4518,5100
4519,5101
4520,5102
4521,5103
4522,5105
4523,5106
4524,5107
4525,5108
4526,5109
4527,5110
4528,5111
4529,5112
4530,5113
4531,5114
4532,5116
4533,5117
4534,5118
4535,5119
4536,5120
4537,5121
4538,5122
4539,5123
4540,5125
4541,5126
4542,5127
4543,5128
4544,5131
4545,5134
4546,5135
4547,5136
4548,5137
4549,5139
4550,5140
4551,5141
4552,5142
4553,5143
4554,5145
4555,5146
4556,5147
4557,5151
4558,5152
4559,5153
4560,5155
4561,5157
4562,5158
4563,5159
4564,5161
4565,5162
4566,5163
4567,5164
4568,5165
4569,5167
4570,5168
4571,5169
4572,5170
4573,5171
4574,5172
4575,5174
4576,5177
4577,5179
4578,5180
4579,5181
4580,5182
4581,5184
4582,5185
4583,5186
4584,5187
4585,5189
4586,5190
4587,5192
4588,5193
4589,5197
4590,5198
4591,5199
4592,5202
4593,5203
4594,5205
4595,5208
4596,5209
4597,5210
4598,5211
4599,5212
4600,5213
4601,5214
4602,5215
4603,5217
4604,5218
4605,5219
4606,5220
4607,5221
4608,5222
4609,5223
4610,5224
4611,5225
4612,5226
4613,5227
4614,5228
4615,5230
4616,5231
4617,5232
4618,5233
4619,5234
4620,5235
4621,5236
4622,5237
4623,5238
4624,5240
4625,5241
4626,5243
4627,5244
4628,5245
4629,5246
4630,5247
4631,5248
4632,5249
4633,5250
4634,5251
4635,5254
4636,5255
4637,5256
4638,5258
4639,5263
4640,5264
4641,5265
4642,5266
4643,5267
4644,5268
4645,5269
4646,5272
4647,5275
4648,5276
4649,5278
4650,5279
4651,5282
4652,5283
4653,5284
4654,5285
4655,5287
4656,5288
4657,5289
4658,5290
4659,5291
4660,5292
4661,5293
4662,5294
4663,5295
4664,5296
4665,5297
4666,5298
4667,5299
4668,5300
4669,5301
4670,5302
4671,5303
4672,5304
4673,5305
4674,5306
4675,5307
4676,5308
4677,5309
4678,5310
4679,5311
4680,5312
4681,5313
4682,5314
4683,5315
4684,5316
4685,5319
4686,5321
4687,5323
4688,5324
4689,5325
4690,5327
4691,5328
4692,5329
4693,5331
4694,5332
4695,5333
4696,5334
4697,5335
4698,5337
4699,5339
4700,5340
4701,5341
4702,5343
4703,5344
4704,5346
4705,5347
4706,5348
4707,5349
4708,5350
4709,5351
4710,5352
4711,5353
4712,5354
4713,5355
4714,5356
4715,5357
4716,5358
4717,5359
4718,5360
4719,5361
4720,5362
4721,5363
4722,5364
4723,5365
4724,5366
4725,5367
4726,5368
4727,5369
4728,5372
4729,5373
4730,5375
4731,5376
4732,5377
4733,5378
4734,5379
4735,5380
4736,5381
4737,5382
4738,5383
4739,5384
4740,5385
4741,5387
4742,5388
4743,5389
4744,5390
4745,5391
4746,5392
4747,5395
4748,5396
4749,5397
4750,5398
4751,5399
4752,5400
4753,5401
4754,5404
4755,5406
4756,5409
4757,5410
4758,5412
4759,5413
4760,5414
4761,5415
4762,5416
4763,5417
4764,5418
4765,5419
4766,5420
4767,5421
4768,5422
4769,5423
4770,5424
4771,5425
4772,5426
4773,5427
4774,5428
4775,5429
4776,5431
4777,5432
4778,5433
4779,5434
4780,5435
4781,5436
4782,5437
4783,5438
4784,5439
4785,5440
4786,5442
4787,5443
4788,5444
4789,5445
4790,5446
4791,5447
4792,5448
4793,5449
4794,5450
4795,5451
4796,5452
4797,5453
4798,5454
4799,5455
4800,5456
4801,5457
4802,5459
4803,5460
4804,5461
4805,5462
4806,5463
4807,5464
4808,5465
4809,5466
4810,5468
4811,5469
4812,5470
4813,5471
4814,5472
4815,5473
4816,5474
4817,5475
4818,5476
4819,5477
4820,5478
4821,5479
4822,5480
4823,5481
4824,5482
4825,5483
4826,5484
4827,5485
4828,5486
4829,5488
4830,5489
4831,5490
4832,5493
4833,5495
4834,5496
4835,5497
4836,5498
4837,5499
4838,5500
4839,5501
4840,5502
4841,5503
4842,5504
4843,5505
4844,5506
4845,5507
4846,5508
4847,5509
4848,5512
4849,5513
4850,5515
4851,5516
4852,5517
4853,5521
4854,5522
4855,5523
4856,5524
4857,5525
4858,5526
4859,5527
4860,5528
4861,5529
4862,5530
4863,5531
4864,5532
4865,5538
4866,5539
4867,5540
4868,5541
4869,5543
4870,5544
4871,5546
4872,5548
4873,5550
4874,5552
4875,5553
4876,5555
4877,5556
4878,5557
4879,5559
4880,5560
4881,5561
4882,5563
4883,5564
4884,5568
4885,5569
4886,5570
4887,5572
4888,5573
4889,5574
4890,5575
4891,5577
4892,5580
4893,5581
4894,5582
4895,5583
4896,5584
4897,5585
4898,5587
4899,5588
4900,5589
4901,5591
4902,5593
4903,5596
4904,5597
4905,5598
4906,5600
4907,5601
4908,5602
4909,5603
4910,5604
4911,5605
4912,5606
4913,5607
4914,5608
4915,5609
4916,5610
4917,5611
4918,5612
4919,5613
4920,5614
4921,5615
4922,5617
4923,5618
4924,5619
4925,5620
4926,5621
4927,5625
4928,5628
4929,5630
4930,5632
4931,5633
4932,5635
4933,5636
4934,5637
4935,5638
4936,5639
4937,5640
4938,5641
4939,5642
4940,5643
4941,5644
4942,5645
4943,5646
4944,5647
4945,5648
4946,5649
4947,5650
4948,5651
4949,5653
4950,5655
4951,5657
4952,5660
4953,5662
4954,5663
4955,5664
4956,5665
4957,5666
4958,5667
4959,5668
4960,5669
4961,5670
4962,5672
4963,5673
4964,5675
4965,5677
4966,5678
4967,5679
4968,5680
4969,5682
4970,5684
4971,5685
4972,5686
4973,5687
4974,5688
4975,5689
4976,5690
4977,5691
4978,5692
4979,5693
4980,5694
4981,5696
4982,5697
4983,5699
4984,5700
4985,5701
4986,5703
4987,5705
4988,5707
4989,5710
4990,5712
4991,5717
4992,5718
4993,5721
4994,5722
4995,5723
4996,5726
4997,5729
4998,5730
4999,5731
5000,5732
5001,5733
5002,5734
5003,5735
5004,5736
5005,5737
5006,5738
5007,5739
5008,5740
5009,5741
5010,5742
5011,5743
5012,5745
5013,5747
5014,5749
5015,5752
5016,5754
5017,5755
5018,5760
5019,5761
5020,5762
5021,5763
5022,5764
5023,5765
5024,5767
5025,5768
5026,5769
5027,5770
5028,5771
5029,5772
5030,5773
5031,5777
5032,5779
5033,5780
5034,5781
5035,5782
5036,5783
5037,5784
5038,5785
5039,5787
5040,5788
5041,5791
5042,5792
5043,5794
5044,5796
5045,5797
5046,5799
5047,5800
5048,5801
5049,5802
5050,5803
5051,5804
5052,5808
5053,5809
5054,5810
5055,5812
5056,5815
5057,5816
5058,5817
5059,5818
5060,5820
5061,5821
5062,5824
5063,5825
5064,5826
5065,5829
5066,5830
5067,5832
5068,5833
5069,5836
5070,5838
5071,5839
5072,5840
5073,5841
5074,5842
5075,5843
5076,5845
5077,5846
5078,5847
5079,5848
5080,5852
5081,5853
5082,5854
5083,5855
5084,5857
5085,5859
5086,5862
5087,5863
5088,5864
5089,5867
5090,5868
5091,5869
5092,5872
5093,5873
5094,5874
5095,5875
5096,5876
5097,5878
5098,5879
5099,5880
5100,5881
5101,5882
5102,5883
5103,5884
5104,5885
5105,5888
5106,5890
5107,5891
5108,5893
5109,5896
5110,5898
5111,5899
5112,5900
5113,5901
5114,5902
5115,5903
5116,5909
5117,5911
5118,5914
5119,5915
5120,5916
5121,5919
5122,5923
5123,5924
5124,5926
5125,5927
5126,5928
5127,5930
5128,5932
5129,5933
5130,5935
5131,5936
5132,5937
5133,5938
5134,5940
5135,5941
5136,5942
5137,5943
5138,5944
5139,5945
5140,5947
5141,5949
5142,5951
5143,5952
5144,5954
5145,5955
5146,5956
5147,5957
5148,5958
5149,5959
5150,5960
5151,5961
5152,5962
5153,5963
5154,5965
5155,5966
5156,5968
5157,5969
5158,5970
5159,5971
5160,5974
5161,5975
5162,5977
5163,5980
5164,5981
5165,5983
5166,5984
5167,5985
5168,5986
5169,5987
5170,5988
5171,5989
5172,5990
5173,5991
5174,5992
5175,5993
5176,5994
5177,5995
5178,5998
5179,5999
5180,6001
5181,6002
5182,6003
5183,6005
5184,6006
5185,6008
5186,6009
5187,6010
5188,6012
5189,6013
5190,6014
5191,6016
5192,6017
5193,6020
5194,6021
5195,6022
5196,6023
5197,6024
5198,6025
5199,6027
5200,6030
5201,6031
5202,6032
5203,6033
5204,6035
5205,6036
5206,6037
5207,6038
5208,6039
5209,6040
5210,6041
5211,6042
5212,6044
5213,6045
5214,6047
5215,6049
5216,6050
5217,6051
5218,6054
5219,6056
5220,6057
5221,6058
5222,6059
5223,6060
5224,6062
5225,6063
5226,6064
5227,6065
5228,6066
5229,6067
5230,6070
5231,6072
5232,6076
5233,6077
5234,6078
5235,6082
5236,6084
5237,6087
5238,6091
5239,6092
5240,6093
5241,6094
5242,6099
5243,6100
5244,6101
5245,6102
5246,6104
5247,6105
5248,6107
5249,6109
5250,6114
5251,6115
5252,6116
5253,6118
5254,6119
5255,6120
5256,6121
5257,6122
5258,6123
5259,6124
5260,6125
5261,6126
5262,6127
5263,6128
5264,6132
5265,6134
5266,6135
5267,6139
5268,6140
5269,6141
5270,6143
5271,6144
5272,6147
5273,6148
5274,6152
5275,6153
5276,6154
5277,6155
5278,6156
5279,6157
5280,6158
5281,6159
5282,6160
5283,6162
5284,6163
5285,6166
5286,6168
5287,6169
5288,6170
5289,6173
5290,6176
5291,6177
5292,6178
5293,6180
5294,6181
5295,6182
5296,6183
5297,6184
5298,6185
5299,6186
5300,6187
5301,6188
5302,6190
5303,6192
5304,6193
5305,6195
5306,6196
5307,6197
5308,6198
5309,6200
5310,6201
5311,6202
5312,6203
5313,6204
5314,6206
5315,6208
5316,6210
5317,6211
5318,6212
5319,6213
5320,6214
5321,6215
5322,6216
5323,6217
5324,6218
5325,6219
5326,6220
5327,6221
5328,6222
5329,6223
5330,6225
5331,6226
5332,6228
5333,6229
5334,6230
5335,6231
5336,6232
5337,6233
5338,6234
5339,6235
5340,6236
5341,6237
5342,6238
5343,6239
5344,6240
5345,6241
5346,6242
5347,6243
5348,6244
5349,6245
5350,6247
5351,6248
5352,6249
5353,6250
5354,6251
5355,6252
5356,6254
5357,6255
5358,6257
5359,6258
5360,6259
5361,6260
5362,6261
5363,6263
5364,6264
5365,6265
5366,6266
5367,6267
5368,6268
5369,6269
5370,6270
5371,6271
5372,6273
5373,6279
5374,6280
5375,6281
5376,6283
5377,6285
5378,6286
5379,6287
5380,6288
5381,6289
5382,6290
5383,6291
5384,6293
5385,6294
5386,6295
5387,6296
5388,6297
5389,6298
5390,6299
5391,6300
5392,6301
5393,6303
5394,6304
5395,6305
5396,6306
5397,6308
5398,6311
5399,6312
5400,6313
5401,6314
5402,6315
5403,6316
5404,6318
5405,6319
5406,6320
5407,6321
5408,6322
5409,6323
5410,6324
5411,6325
5412,6326
5413,6327
5414,6329
5415,6330
5416,6331
5417,6332
5418,6333
5419,6334
5420,6335
5421,6337
5422,6338
5423,6339
5424,6341
5425,6344
5426,6345
5427,6346
5428,6347
5429,6348
5430,6349
5431,6350
5432,6351
5433,6352
5434,6356
5435,6357
5436,6358
5437,6365
5438,6366
5439,6367
5440,6368
5441,6370
5442,6371
5443,6373
5444,6374
5445,6375
5446,6376
5447,6377
5448,6378
5449,6379
5450,6380
5451,6382
5452,6383
5453,6385
5454,6386
5455,6387
5456,6390
5457,6392
5458,6394
5459,6395
5460,6396
5461,6398
5462,6400
5463,6401
5464,6403
5465,6404
5466,6405
5467,6406
5468,6407
5469,6409
5470,6410
5471,6412
5472,6413
5473,6414
5474,6416
5475,6419
5476,6422
5477,6423
5478,6424
5479,6425
5480,6426
5481,6427
5482,6428
5483,6429
5484,6430
5485,6432
5486,6433
5487,6436
5488,6437
5489,6440
5490,6441
5491,6442
5492,6446
5493,6448
5494,6450
5495,6451
5496,6452
5497,6453
5498,6454
5499,6455
5500,6457
5501,6458
5502,6459
5503,6460
5504,6461
5505,6462
5506,6464
5507,6466
5508,6467
5509,6468
5510,6469
5511,6470
5512,6473
5513,6475
5514,6476
5515,6477
5516,6478
5517,6480
5518,6481
5519,6482
5520,6483
5521,6484
5522,6485
5523,6486
5524,6488
5525,6493
5526,6497
5527,6498
5528,6500
5529,6502
5530,6503
5531,6505
5532,6506
5533,6508
5534,6509
5535,6510
5536,6513
5537,6516
5538,6517
5539,6518
5540,6519
5541,6521
5542,6522
5543,6524
5544,6525
5545,6526
5546,6527
5547,6528
5548,6530
5549,6531
5550,6533
5551,6534
5552,6535
5553,6536
5554,6537
5555,6538
5556,6539
5557,6541
5558,6542
5559,6544
5560,6545
5561,6547
5562,6548
5563,6549
5564,6550
5565,6552
5566,6554
5567,6557
5568,6558
5569,6559
5570,6560
5571,6561
5572,6562
5573,6563
5574,6564
5575,6565
5576,6566
5577,6567
5578,6568
5579,6571
5580,6572
5581,6573
5582,6574
5583,6575
5584,6576
5585,6577
5586,6578
5587,6579
5588,6581
5589,6582
5590,6583
5591,6584
5592,6586
5593,6587
5594,6588
5595,6591
5596,6592
5597,6593
5598,6595
5599,6596
5600,6597
5601,6598
5602,6599
5603,6601
5604,6602
5605,6609
5606,6610
5607,6611
5608,6612
5609,6613
5610,6614
5611,6615
5612,6616
5613,6617
5614,6618
5615,6619
5616,6620
5617,6624
5618,6625
5619,6628
5620,6629
5621,6630
5622,6631
5623,6635
5624,6636
5625,6638
5626,6639
5627,6641
5628,6642
5629,6643
5630,6644
5631,6645
5632,6646
5633,6648
5634,6649
5635,6650
5636,6651
5637,6652
5638,6653
5639,6657
5640,6658
5641,6659
5642,6660
5643,6662
5644,6663
5645,6664
5646,6665
5647,6666
5648,6667
5649,6668
5650,6669
5651,6670
5652,6671
5653,6672
5654,6676
5655,6678
5656,6679
5657,6680
5658,6682
5659,6683
5660,6684
5661,6686
5662,6687
5663,6689
5664,6690
5665,6692
5666,6695
5667,6696
5668,6699
5669,6700
5670,6701
5671,6702
5672,6703
5673,6705
5674,6707
5675,6708
5676,6709
5677,6710
5678,6711
5679,6713
5680,6714
5681,6718
5682,6720
5683,6721
5684,6722
5685,6723
5686,6724
5687,6725
5688,6727
5689,6730
5690,6731
5691,6732
5692,6734
5693,6735
5694,6736
5695,6740
5696,6741
5697,6743
5698,6744
5699,6745
5700,6746
5701,6747
5702,6748
5703,6749
5704,6750
5705,6751
5706,6752
5707,6753
5708,6754
5709,6755
5710,6756
5711,6757
5712,6760
5713,6761
5714,6762
5715,6763
5716,6764
5717,6765
5718,6768
5719,6769
5720,6770
5721,6771
5722,6772
5723,6773
5724,6774
5725,6775
5726,6776
5727,6777
5728,6779
5729,6780
5730,6781
5731,6782
5732,6783
5733,6784
5734,6785
5735,6786
5736,6787
5737,6788
5738,6789
5739,6790
5740,6791
5741,6792
5742,6793
5743,6794
5744,6795
5745,6796
5746,6797
5747,6798
5748,6800
5749,6801
5750,6802
5751,6803
5752,6804
5753,6805
5754,6806
5755,6807
5756,6808
5757,6809
5758,6810
5759,6811
5760,6812
5761,6813
5762,6814
5763,6815
5764,6816
5765,6817
5766,6818
5767,6820
5768,6821
5769,6825
5770,6826
5771,6828
5772,6829
5773,6832
5774,6837
5775,6839
5776,6840
5777,6841
5778,6844
5779,6848
5780,6849
5781,6850
5782,6851
5783,6852
5784,6854
5785,6856
5786,6857
5787,6858
5788,6859
5789,6860
5790,6862
5791,6863
5792,6864
5793,6867
5794,6868
5795,6869
5796,6870
5797,6871
5798,6872
5799,6873
5800,6874
5801,6875
5802,6879
5803,6880
5804,6881
5805,6882
5806,6883
5807,6884
5808,6885
5809,6886
5810,6887
5811,6888
5812,6889
5813,6890
5814,6892
5815,6893
5816,6895
5817,6896
5818,6898
5819,6899
5820,6900
5821,6902
5822,6909
5823,6910
5824,6918
5825,6920
5826,6921
5827,6923
5828,6927
5829,6928
5830,6932
5831,6934
5832,6935
5833,6936
5834,6939
5835,6942
5836,6944
5837,6945
5838,6946
5839,6947
5840,6948
5841,6949
5842,6950
5843,6951
5844,6952
5845,6953
5846,6954
5847,6957
5848,6958
5849,6959
5850,6961
5851,6963
5852,6964
5853,6965
5854,6966
5855,6967
5856,6969
5857,6970
5858,6971
5859,6973
5860,6974
5861,6975
5862,6976
5863,6977
5864,6978
5865,6979
5866,6980
5867,6981
5868,6982
5869,6983
5870,6984
5871,6985
5872,6986
5873,6987
5874,6988
5875,6989
5876,6990
5877,6991
5878,6992
5879,6993
5880,6994
5881,6995
5882,6996
5883,6997
5884,6998
5885,6999
5886,7000
5887,7001
5888,7002
5889,7003
5890,7004
5891,7005
5892,7006
5893,7007
5894,7008
5895,7009
5896,7010
5897,7011
5898,7012
5899,7013
5900,7014
5901,7015
5902,7016
5903,7017
5904,7018
5905,7019
5906,7020
5907,7021
5908,7022
5909,7023
5910,7024
5911,7025
5912,7026
5913,7027
5914,7028
5915,7029
5916,7030
5917,7031
5918,7032
5919,7033
5920,7034
5921,7035
5922,7036
5923,7037
5924,7038
5925,7039
5926,7040
5927,7041
5928,7042
5929,7043
5930,7044
5931,7045
5932,7046
5933,7047
5934,7048
5935,7049
5936,7050
5937,7051
5938,7054
5939,7055
5940,7056
5941,7057
5942,7058
5943,7059
5944,7060
5945,7061
5946,7062
5947,7063
5948,7064
5949,7065
5950,7066
5951,7067
5952,7068
5953,7069
5954,7070
5955,7071
5956,7072
5957,7073
5958,7074
5959,7075
5960,7076
5961,7078
5962,7079
5963,7080
5964,7081
5965,7082
5966,7083
5967,7084
5968,7085
5969,7086
5970,7087
5971,7088
5972,7089
5973,7090
5974,7091
5975,7092
5976,7093
5977,7094
5978,7095
5979,7096
5980,7099
5981,7101
5982,7102
5983,7103
5984,7104
5985,7107
5986,7108
5987,7109
5988,7111
5989,7114
5990,7115
5991,7116
5992,7117
5993,7118
5994,7119
5995,7121
5996,7122
5997,7123
5998,7124
5999,7125
6000,7126
6001,7127
6002,7128
6003,7130
6004,7131
6005,7132
6006,7133
6007,7134
6008,7135
6009,7136
6010,7137
6011,7139
6012,7141
6013,7142
6014,7143
6015,7147
6016,7148
6017,7149
6018,7150
6019,7151
6020,7152
6021,7153
6022,7154
6023,7155
6024,7156
6025,7157
6026,7158
6027,7160
6028,7161
6029,7162
6030,7163
6031,7164
6032,7165
6033,7167
6034,7168
6035,7169
6036,7171
6037,7172
6038,7173
6039,7174
6040,7175
6041,7177
6042,7178
6043,7179
6044,7181
6045,7183
6046,7185
6047,7189
6048,7190
6049,7191
6050,7193
6051,7194
6052,7195
6053,7198
6054,7199
6055,7201
6056,7202
6057,7205
6058,7206
6059,7207
6060,7208
6061,7209
6062,7210
6063,7211
6064,7212
6065,7215
6066,7216
6067,7217
6068,7218
6069,7219
6070,7220
6071,7221
6072,7222
6073,7223
6074,7224
6075,7225
6076,7226
6077,7227
6078,7228
6079,7229
6080,7234
6081,7235
6082,7236
6083,7237
6084,7238
6085,7239
6086,7241
6087,7243
6088,7247
6089,7249
6090,7250
6091,7252
6092,7253
6093,7254
6094,7255
6095,7256
6096,7257
6097,7258
6098,7259
6099,7260
6100,7261
6101,7262
6102,7263
6103,7265
6104,7266
6105,7272
6106,7275
6107,7280
6108,7281
6109,7283
6110,7284
6111,7285
6112,7286
6113,7292
6114,7293
6115,7294
6116,7297
6117,7299
6118,7300
6119,7301
6120,7302
6121,7303
6122,7304
6123,7305
6124,7306
6125,7307
6126,7308
6127,7310
6128,7311
6129,7313
6130,7314
6131,7315
6132,7316
6133,7317
6134,7318
6135,7319
6136,7320
6137,7321
6138,7323
6139,7324
6140,7325
6141,7326
6142,7327
6143,7328
6144,7333
6145,7334
6146,7335
6147,7338
6148,7340
6149,7341
6150,7345
6151,7346
6152,7347
6153,7348
6154,7349
6155,7352
6156,7353
6157,7354
6158,7355
6159,7357
6160,7359
6161,7360
6162,7361
6163,7362
6164,7364
6165,7365
6166,7366
6167,7367
6168,7369
6169,7371
6170,7372
6171,7373
6172,7374
6173,7375
6174,7376
6175,7377
6176,7378
6177,7379
6178,7380
6179,7381
6180,7382
6181,7383
6182,7384
6183,7385
6184,7386
6185,7387
6186,7388
6187,7389
6188,7391
6189,7394
6190,7395
6191,7396
6192,7402
6193,7405
6194,7406
6195,7410
6196,7414
6197,7415
6198,7416
6199,7417
6200,7419
6201,7420
6202,7437
6203,7438
6204,7439
6205,7440
6206,7442
6207,7444
6208,7445
6209,7448
6210,7449
6211,7450
6212,7451
6213,7453
6214,7454
6215,7456
6216,7457
6217,7458
6218,7459
6219,7460
6220,7474
6221,7478
6222,7480
6223,7481
6224,7482
6225,7484
6226,7485
6227,7486
6228,7487
6229,7489
6230,7492
6231,7493
6232,7505
6233,7523
6234,7541
6235,7560
6236,7561
6237,7562
6238,7564
6239,7566
6240,7569
6241,7570
6242,7572
6243,7573
6244,7574
6245,7577
6246,7578
6247,7579
6248,7580
6249,7581
6250,7584
6251,7585
6252,7586
6253,7587
6254,7613
6255,7614
6256,7615
6257,7616
6258,7617
6259,7618
6260,7619
6261,7620
6262,7624
6263,7626
6264,7636
6265,7637
6266,7646
6267,7647
6268,7649
6269,7650
6270,7669
6271,7675
6272,7697
6273,7698
6274,7700
6275,7701
6276,7702
6277,7704
6278,7705
6279,7706
6280,7707
6281,7708
6282,7713
6283,7714
6284,7716
6285,7720
6286,7724
6287,7725
6288,7727
6289,7728
6290,7730
6291,7742
6292,7743
6293,7745
6294,7748
6295,7749
6296,7753
6297,7756
6298,7757
6299,7759
6300,7762
6301,7763
6302,7766
6303,7767
6304,7770
6305,7771
6306,7773
6307,7781
6308,7782
6309,7784
6310,7785
6311,7786
6312,7787
6313,7789
6314,7790
6315,7791
6316,7792
6317,7802
6318,7809
6319,7810
6320,7811
6321,7812
6322,7815
6323,7817
6324,7818
6325,7820
6326,7822
6327,7826
6328,7827
6329,7831
6330,7832
6331,7833
6332,7834
6333,7835
6334,7836
6335,7840
6336,7841
6337,7842
6338,7843
6339,7844
6340,7845
6341,7846
6342,7847
6343,7879
6344,7881
6345,7883
6346,7884
6347,7888
6348,7889
6349,7891
6350,7892
6351,7894
6352,7895
6353,7896
6354,7897
6355,7898
6356,7899
6357,7914
6358,7915
6359,7916
6360,7918
6361,7919
6362,7920
6363,7923
6364,7924
6365,7925
6366,7926
6367,7930
6368,7932
6369,7933
6370,7934
6371,7936
6372,7937
6373,7938
6374,7939
6375,7940
6376,7941
6377,7942
6378,7943
6379,7944
6380,7947
6381,7949
6382,7951
6383,7959
6384,7976
6385,7979
6386,7980
6387,7981
6388,7982
6389,7983
6390,7984
6391,7986
6392,7987
6393,7988
6394,7990
6395,7991
6396,7993
6397,8007
6398,8008
6399,8010
6400,8011
6401,8012
6402,8013
6403,8014
6404,8015
6405,8016
6406,8017
6407,8019
6408,8024
6409,8025
6410,8033
6411,8035
6412,8039
6413,8040
6414,8042
6415,8043
6416,8044
6417,8045
6418,8056
6419,8057
6420,8062
6421,8063
6422,8092
6423,8093
6424,8094
6425,8117
6426,8118
6427,8119
6428,8121
6429,8123
6430,8125
6431,8126
6432,8127
6433,8128
6434,8129
6435,8130
6436,8131
6437,8132
6438,8133
6439,8134
6440,8142
6441,8143
6442,8147
6443,8153
6444,8154
6445,8157
6446,8158
6447,8167
6448,8169
6449,8183
6450,8188
6451,8189
6452,8190
6453,8191
6454,8194
6455,8195
6456,8196
6457,8197
6458,8199
6459,8201
6460,8206
6461,8207
6462,8208
6463,8221
6464,8222
6465,8225
6466,8227
6467,8228
6468,8235
6469,8239
6470,8241
6471,8253
6472,8254
6473,8256
6474,8257
6475,8258
6476,8259
6477,8260
6478,8261
6479,8263
6480,8264
6481,8265
6482,8266
6483,8268
6484,8270
6485,8272
6486,8273
6487,8275
6488,8290
6489,8291
6490,8295
6491,8302
6492,8327
6493,8330
6494,8331
6495,8332
6496,8334
6497,8336
6498,8337
6499,8338
6500,8340
6501,8341
6502,8360
6503,8361
6504,8362
6505,8363
6506,8364
6507,8365
6508,8366
6509,8367
6510,8368
6511,8369
6512,8370
6513,8371
6514,8372
6515,8373
6516,8375
6517,8376
6518,8377
6519,8378
6520,8379
6521,8380
6522,8382
6523,8383
6524,8385
6525,8387
6526,8391
6527,8395
6528,8400
6529,8401
6530,8404
6531,8405
6532,8410
6533,8425
6534,8426
6535,8446
6536,8447
6537,8451
6538,8456
6539,8459
6540,8460
6541,8463
6542,8464
6543,8477
6544,8481
6545,8482
6546,8485
6547,8487
6548,8491
6549,8492
6550,8493
6551,8494
6552,8495
6553,8496
6554,8499
6555,8501
6556,8502
6557,8503
6558,8504
6559,8505
6560,8507
6561,8511
6562,8512
6563,8516
6564,8520
6565,8521
6566,8522
6567,8525
6568,8526
6569,8527
6570,8528
6571,8529
6572,8530
6573,8531
6574,8532
6575,8533
6576,8534
6577,8535
6578,8537
6579,8542
6580,8543
6581,8571
6582,8573
6583,8574
6584,8575
6585,8576
6586,8578
6587,8581
6588,8582
6589,8584
6590,8585
6591,8587
6592,8588
6593,8589
6594,8591
6595,8593
6596,8595
6597,8596
6598,8598
6599,8600
6600,8601
6601,8602
6602,8604
6603,8605
6604,8607
6605,8608
6606,8609
6607,8610
6608,8611
6609,8612
6610,8614
6611,8616
6612,8617
6613,8618
6614,8620
6615,8622
6616,8623
6617,8629
6618,8631
6619,8633
6620,8634
6621,8636
6622,8638
6623,8639
6624,8640
6625,8641
6626,8642
6627,8643
6628,8644
6629,8645
6630,8650
6631,8651
6632,8656
6633,8657
6634,8661
6635,8662
6636,8665
6637,8666
6638,8667
6639,8670
6640,8675
6641,8676
6642,8684
6643,8689
6644,8690
6645,8695
6646,8698
6647,8700
6648,8701
6649,8709
6650,8710
6651,8711
6652,8712
6653,8713
6654,8718
6655,8720
6656,8722
6657,8724
6658,8725
6659,8726
6660,8727
6661,8730
6662,8731
6663,8732
6664,8733
6665,8738
6666,8739
6667,8740
6668,8751
6669,8752
6670,8753
6671,8754
6672,8755
6673,8760
6674,8761
6675,8765
6676,8767
6677,8768
6678,8772
6679,8773
6680,8778
6681,8779
6682,8781
6683,8782
6684,8783
6685,8784
6686,8785
6687,8786
6688,8787
6689,8795
6690,8796
6691,8797
6692,8798
6693,8799
6694,8800
6695,8805
6696,8807
6697,8808
6698,8809
6699,8810
6700,8811
6701,8813
6702,8814
6703,8815
6704,8823
6705,8826
6706,8827
6707,8830
6708,8831
6709,8832
6710,8833
6711,8835
6712,8836
6713,8838
6714,8839
6715,8840
6716,8841
6717,8844
6718,8846
6719,8848
6720,8849
6721,8850
6722,8851
6723,8852
6724,8854
6725,8855
6726,8859
6727,8860
6728,8861
6729,8862
6730,8864
6731,8865
6732,8866
6733,8868
6734,8869
6735,8870
6736,8871
6737,8872
6738,8873
6739,8874
6740,8875
6741,8879
6742,8880
6743,8882
6744,8885
6745,8886
6746,8893
6747,8894
6748,8899
6749,8900
6750,8903
6751,8905
6752,8906
6753,8907
6754,8908
6755,8910
6756,8911
6757,8912
6758,8913
6759,8914
6760,8915
6761,8916
6762,8917
6763,8918
6764,8919
6765,8920
6766,8921
6767,8923
6768,8924
6769,8927
6770,8928
6771,8929
6772,8930
6773,8931
6774,8932
6775,8933
6776,8934
6777,8937
6778,8938
6779,8939
6780,8941
6781,8943
6782,8946
6783,8947
6784,8948
6785,8949
6786,8950
6787,8951
6788,8955
6789,8956
6790,8957
6791,8958
6792,8959
6793,8961
6794,8963
6795,8965
6796,8966
6797,8967
6798,8968
6799,8969
6800,8970
6801,8972
6802,8973
6803,8974
6804,8977
6805,8978
6806,8979
6807,8980
6808,8981
6809,8982
6810,8983
6811,8984
6812,8985
6813,8986
6814,8987
6815,8988
6816,8989
6817,8994
6818,8998
6819,8999
6820,9000
6821,9001
6822,9002
6823,9005
6824,9010
6825,9011
6826,9013
6827,9018
6828,25738
6829,25746
6830,25750
6831,25752
6832,25753
6833,25755
6834,25757
6835,25763
6836,25764
6837,25766
6838,25769
6839,25771
6840,25773
6841,25774
6842,25777
6843,25788
6844,25793
6845,25795
6846,25805
6847,25825
6848,25826
6849,25827
6850,25828
6851,25833
6852,25834
6853,25835
6854,25839
6855,25841
6856,25850
6857,25855
6858,25856
6859,25865
6860,25866
6861,25868
6862,25870
6863,25886
6864,25891
6865,25893
6866,25898
6867,25901
6868,25904
6869,25905
6870,25911
6871,25916
6872,25923
6873,25927
6874,25929
6875,25930
6876,25937
6877,25938
6878,25940
6879,25943
6880,25945
6881,25946
6882,25947
6883,25952
6884,25954
6885,25961
6886,25962
6887,25963
6888,25971
6889,25993
6890,25995
6891,25996
6892,25999
6893,26002
6894,26003
6895,26005
6896,26007
6897,26012
6898,26038
6899,26052
6900,26055
6901,26064
6902,26078
6903,26082
6904,26084
6905,26085
6906,26094
6907,26101
6908,26111
6909,26116
6910,26117
6911,26119
6912,26122
6913,26124
6914,26131
6915,26133
6916,26134
6917,26138
6918,26139
6919,26148
6920,26150
6921,26151
6922,26152
6923,26155
6924,26158
6925,26163
6926,26170
6927,26171
6928,26172
6929,26178
6930,26181
6931,26187
6932,26198
6933,26199
6934,26203
6935,26208
6936,26222
6937,26230
6938,26231
6939,26240
6940,26241
6941,26242
6942,26246
6943,26249
6944,26258
6945,26269
6946,26270
6947,26271
6948,26280
6949,26283
6950,26285
6951,26294
6952,26302
6953,26303
6954,26306
6955,26313
6956,26318
6957,26322
6958,26324
6959,26325
6960,26326
6961,26349
6962,26350
6963,26359
6964,26366
6965,26371
6966,26375
6967,26386
6968,26391
6969,26394
6970,26395
6971,26398
6972,26400
6973,26403
6974,26413
6975,26414
6976,26422
6977,26425
6978,26444
6979,26462
6980,26464
6981,26465
6982,26467
6983,26471
6984,26472
6985,26476
6986,26479
6987,26485
6988,26487
6989,26488
6990,26491
6991,26492
6992,26495
6993,26502
6994,26504
6995,26509
6996,26513
6997,26521
6998,26524
6999,26527
7000,26528
7001,26547
7002,26554
7003,26555
7004,26558
7005,26560
7006,26561
7007,26562
7008,26564
7009,26567
7010,26578
7011,26585
7012,26587
7013,26599
7014,26603
7015,26606
7016,26614
7017,26616
7018,26629
7019,26630
7020,26631
7021,26649
7022,26662
7023,26663
7024,26680
7025,26681
7026,26686
7027,26688
7028,26693
7029,26694
7030,26695
7031,26696
7032,26700
7033,26701
7034,26704
7035,26712
7036,26713
7037,26726
7038,26729
7039,26731
7040,26743
7041,26744
7042,26745
7043,26746
7044,26750
7045,26758
7046,26770
7047,26776
7048,26778
7049,26782
7050,26788
7051,26791
7052,26792
7053,26796
7054,26810
7055,26812
7056,26819
7057,26828
7058,26838
7059,26840
7060,26841
7061,26865
7062,26870
7063,26875
7064,26887
7065,26903
7066,26913
7067,26915
7068,26925
7069,26934
7070,26939
7071,26947
7072,26965
7073,26973
7074,26974
7075,26999
7076,27002
7077,27005
7078,27006
7079,27020
7080,27022
7081,27032
7082,27033
7083,27036
7084,27073
7085,27075
7086,27109
7087,27152
7088,27155
7089,27156
7090,27180
7091,27186
7092,27193
7093,27216
7094,27251
7095,27253
7096,27255
7097,27266
7098,27271
7099,27309
7100,27311
7101,27316
7102,27317
7103,27329
7104,27338
7105,27340
7106,27351
7107,27368
7108,27369
7109,27376
7110,27391
7111,27397
7112,27402
7113,27408
7114,27410
7115,27416
7116,27432
7117,27434
7118,27441
7119,27450
7120,27456
7121,27478
7122,27482
7123,27491
7124,27523
7125,27555
7126,27563
7127,27564
7128,27584
7129,27592
7130,27604
7131,27608
7132,27611
7133,27618
7134,27619
7135,27636
7136,27643
7137,27648
7138,27660
7139,27664
7140,27674
7141,27685
7142,27689
7143,27700
7144,27704
7145,27705
7146,27706
7147,27716
7148,27721
7149,27722
7150,27727
7151,27728
7152,27731
7153,27741
7154,27744
7155,27746
7156,27768
7157,27772
7158,27773
7159,27778
7160,27784
7161,27788
7162,27790
7163,27792
7164,27793
7165,27797
7166,27800
7167,27801
7168,27802
7169,27803
7170,27808
7171,27812
7172,27815
7173,27816
7174,27820
7175,27821
7176,27822
7177,27826
7178,27828
7179,27830
7180,27831
7181,27833
7182,27834
7183,27837
7184,27838
7185,27839
7186,27843
7187,27846
7188,27850
7189,27851
7190,27857
7191,27864
7192,27865
7193,27866
7194,27869
7195,27871
7196,27873
7197,27875
7198,27876
7199,27878
7200,27879
7201,27882
7202,27884
7203,27888
7204,27899
7205,27904
7206,27905
7207,27912
7208,30701
7209,30707
7210,30712
7211,30745
7212,30749
7213,30793
7214,30803
7215,30810
7216,30812
7217,30816
7218,30818
7219,30820
7220,30822
7221,30825
7222,30846
7223,30848
7224,30850
7225,30867
7226,30883
7227,30892
7228,30894
7229,30898
7230,30952
7231,30991
7232,30996
7233,31000
7234,31026
7235,31030
7236,31032
7237,31035
7238,31079
7239,31101
7240,31114
7241,31116
7242,31123
7243,31150
7244,31162
7245,31184
7246,31193
7247,31221
7248,31223
7249,31225
7250,31251
7251,31255
7252,31260
7253,31263
7254,31270
7255,31309
7256,31347
7257,31359
7258,31364
7259,31367
7260,31408
7261,31410
7262,31420
7263,31422
7264,31424
7265,31427
7266,31429
7267,31431
7268,31433
7269,31435
7270,31437
7271,31445
7272,31467
7273,31485
7274,31502
7275,31522
7276,31528
7277,31553
7278,31555
7279,31590
7280,31617
7281,31658
7282,31660
7283,31685
7284,31687
7285,31689
7286,31694
7287,31696
7288,31698
7289,31700
7290,31702
7291,31705
7292,31724
7293,31737
7294,31770
7295,31785
7296,31804
7297,31807
7298,31867
7299,31878
7300,31903
7301,31909
7302,31923
7303,31930
7304,31934
7305,31952
7306,31956
7307,31973
7308,32009
7309,32011
7310,32017
7311,32019
7312,32022
7313,32025
7314,32029
7315,32031
7316,32058
7317,32076
7318,32078
7319,32084
7320,32116
7321,32139
7322,32160
7323,32170
7324,32174
7325,32179
7326,32196
7327,32213
7328,32234
7329,32239
7330,32261
7331,32289
7332,32291
7333,32296
7334,32298
7335,32300
7336,32302
7337,32314
7338,32316
7339,32349
7340,32369
7341,32371
7342,32381
7343,32383
7344,32387
7345,32392
7346,32456
7347,32460
7348,32469
7349,32525
7350,32554
7351,32582
7352,32584
7353,32587
7354,32589
7355,32591
7356,32596
7357,32598
7358,32600
7359,32627
7360,32632
7361,32657
7362,32666
7363,32721
7364,32743
7365,32770
7366,32825
7367,32853
7368,32862
7369,32892
7370,32898
7371,32943
7372,32988
7373,33004
7374,33036
7375,33072
7376,33085
7377,33124
7378,33126
7379,33136
7380,33138
7381,33145
7382,33154
7383,33158
7384,33162
7385,33164
7386,33166
7387,33171
7388,33237
7389,33288
7390,33312
7391,33358
7392,33410
7393,33421
7394,33437
7395,33451
7396,33454
7397,33493
7398,33495
7399,33499
7400,33539
7401,33558
7402,33564
7403,33585
7404,33592
7405,33603
7406,33615
7407,33621
7408,33639
7409,33644
7410,33646
7411,33649
7412,33660
7413,33669
7414,33672
7415,33675
7416,33677
7417,33679
7418,33681
7419,33683
7420,33685
7421,33722
7422,33725
7423,33750
7424,33781
7425,33794
7426,33815
7427,33817
7428,33819
7429,33826
7430,33830
7431,33832
7432,33834
7433,33836
7434,33838
7435,33880
7436,33893
7437,33896
7438,33903
7439,33966
7440,34002
7441,34018
7442,34048
7443,34072
7444,34129
7445,34143
7446,34148
7447,34150
7448,34153
7449,34155
7450,34162
7451,34164
7452,34177
7453,34198
7454,34271
7455,34292
7456,34319
7457,34321
7458,34323
7459,34326
7460,34332
7461,34334
7462,34336
7463,34338
7464,34359
7465,34405
7466,34437
7467,34482
7468,34520
7469,34523
7470,34528
7471,34530
7472,34532
7473,34534
7474,34536
7475,34540
7476,34542
7477,34552
7478,34583
7479,34767
7480,35015
7481,35347
7482,35836
7483,35957
7484,36276
7485,36289
7486,36363
7487,36397
7488,36401
7489,36477
7490,36509
7491,36513
7492,36517
7493,36519
7494,36523
7495,36525
7496,36527
7497,36529
7498,36531
7499,36533
7500,36535
7501,36537
7502,36708
7503,36850
7504,36931
7505,37211
7506,37240
7507,37380
7508,37382
7509,37384
7510,37386
7511,37475
7512,37477
7513,37545
7514,37720
7515,37727
7516,37729
7517,37731
7518,37733
7519,37736
7520,37739
7521,37741
7522,37830
7523,37844
7524,37853
7525,37855
7526,37857
7527,37955
7528,38038
7529,38061
7530,38095
7531,38097
7532,38159
7533,38188
7534,38198
7535,38294
7536,38304
7537,38388
7538,38499
7539,38600
7540,38701
7541,38798
7542,38824
7543,38886
7544,38992
7545,38994
7546,39052
7547,39183
7548,39231
7549,39234
7550,39292
7551,39307
7552,39381
7553,39398
7554,39400
7555,39414
7556,39419
7557,39421
7558,39427
7559,39435
7560,39441
7561,39444
7562,39446
7563,39449
7564,39715
7565,39869
7566,39886
7567,40010
7568,40148
7569,40278
7570,40339
7571,40412
7572,40414
7573,40491
7574,40574
7575,40581
7576,40583
7577,40586
7578,40614
7579,40617
7580,40629
7581,40723
7582,40732
7583,40815
7584,40817
7585,40819
7586,40826
7587,40851
7588,40870
7589,40887
7590,40946
7591,40952
7592,40955
7593,40959
7594,40962
7595,40966
7596,40973
7597,40988
7598,41014
7599,41025
7600,41226
7601,41285
7602,41411
7603,41425
7604,41527
7605,41566
7606,41569
7607,41571
7608,41573
7609,41575
7610,41585
7611,41617
7612,41627
7613,41716
7614,41721
7615,41724
7616,41769
7617,41863
7618,41997
7619,42002
7620,42004
7621,42007
7622,42009
7623,42011
7624,42013
7625,42015
7626,42018
7627,42021
7628,42053
7629,42094
7630,42163
7631,42197
7632,42217
7633,42351
7634,42418
7635,42422
7636,42632
7637,42718
7638,42721
7639,42723
7640,42725
7641,42728
7642,42730
7643,42732
7644,42734
7645,42738
7646,42740
7647,42900
7648,42958
7649,43333
7650,43376
7651,43391
7652,43396
7653,43419
7654,43460
7655,43556
7656,43558
7657,43560
7658,43652
7659,43677
7660,43679
7661,43684
7662,43708
7663,43744
7664,43832
7665,43836
7666,43869
7667,43871
7668,43904
7669,43908
7670,43910
7671,43912
7672,43914
7673,43917
7674,43919
7675,43921
7676,43923
7677,43928
7678,43930
7679,43932
7680,43934
7681,43936
7682,43987
7683,44004
7684,44022
7685,44058
7686,44100
7687,44168
7688,44189
7689,44191
7690,44193
7691,44195
7692,44197
7693,44199
7694,44204
7695,44225
7696,44301
7697,44397
7698,44399
7699,44494
7700,44555
7701,44587
7702,44613
7703,44633
7704,44657
7705,44665
7706,44694
7707,44709
7708,44729
7709,44731
7710,44759
7711,44761
7712,44788
7713,44815
7714,44828
7715,44840
7716,44844
7717,44849
7718,44864
7719,44889
7720,44929
7721,44937
7722,44943
7723,44949
7724,44972
7725,44974
7726,45003
7727,45028
7728,45062
7729,45074
7730,45081
7731,45106
7732,45175
7733,45183
7734,45186
7735,45208
7736,45210
7737,45221
7738,45335
7739,45361
7740,45382
7741,45431
7742,45440
7743,45442
7744,45447
7745,45499
7746,45501
7747,45503
7748,45506
7749,45517
7750,45525
7751,45635
7752,45658
7753,45662
7754,45666
7755,45668
7756,45672
7757,45720
7758,45722
7759,45726
7760,45728
7761,45730
7762,45732
7763,45852
7764,45880
7765,45928
7766,45950
7767,45981
7768,46062
7769,46156
7770,46322
7771,46335
7772,46337
7773,46347
7774,46430
7775,46530
7776,46559
7777,46572
7778,46574
7779,46578
7780,46653
7781,46664
7782,46723
7783,46772
7784,46803
7785,46850
7786,46855
7787,46865
7788,46919
7789,46948
7790,46959
7791,46965
7792,46967
7793,46970
7794,46972
7795,46974
7796,46976
7797,47044
7798,47099
7799,47122
7800,47124
7801,47150
7802,47200
7803,47202
7804,47254
7805,47261
7806,47264
7807,47274
7808,47306
7809,47382
7810,47384
7811,47394
7812,47404
7813,47423
7814,47446
7815,47465
7816,47491
7817,47516
7818,47518
7819,47610
7820,47629
7821,47634
7822,47640
7823,47644
7824,47646
7825,47721
7826,47723
7827,47725
7828,47778
7829,47793
7830,47810
7831,47830
7832,47894
7833,47937
7834,47950
7835,47952
7836,47970
7837,47976
7838,47978
7839,47997
7840,47999
7841,48032
7842,48043
7843,48061
7844,48082
7845,48142
7846,48150
7847,48161
7848,48231
7849,48262
7850,48301
7851,48304
7852,48319
7853,48322
7854,48326
7855,48342
7856,48385
7857,48394
7858,48412
7859,48414
7860,48416
7861,48516
7862,48518
7863,48520
7864,48522
7865,48560
7866,48591
7867,48593
7868,48596
7869,48598
7870,48600
7871,48678
7872,48682
7873,48696
7874,48698
7875,48711
7876,48738
7877,48741
7878,48744
7879,48774
7880,48780
7881,48783
7882,48791
7883,48856
7884,48872
7885,48877
7886,48879
7887,48883
7888,48943
7889,48982
7890,48997
7891,49007
7892,49013
7893,49110
7894,49130
7895,49132
7896,49200
7897,49205
7898,49220
7899,49225
7900,49263
7901,49265
7902,49272
7903,49274
7904,49276
7905,49278
7906,49280
7907,49282
7908,49284
7909,49286
7910,49312
7911,49314
7912,49347
7913,49355
7914,49396
7915,49422
7916,49524
7917,49526
7918,49528
7919,49530
7920,49642
7921,49647
7922,49649
7923,49651
7924,49666
7925,49688
7926,49772
7927,49793
7928,49822
7929,49824
7930,49910
7931,49917
7932,49932
7933,49957
7934,49961
7935,50003
7936,50005
7937,50011
7938,50064
7939,50066
7940,50068
7941,50147
7942,50149
7943,50153
7944,50158
7945,50160
7946,50162
7947,50189
7948,50259
7949,50274
7950,50440
7951,50442
7952,50445
7953,50447
7954,50514
7955,50517
7956,50601
7957,50651
7958,50658
7959,50685
7960,50740
7961,50742
7962,50792
7963,50794
7964,50796
7965,50798
7966,50800
7967,50802
7968,50804
7969,50806
7970,50842
7971,50851
7972,50858
7973,50872
7974,50912
7975,50923
7976,50954
7977,51007
7978,51024
7979,51037
7980,51063
7981,51077
7982,51080
7983,51084
7984,51086
7985,51088
7986,51091
7987,51094
7988,51174
7989,51255
7990,51277
7991,51357
7992,51372
7993,51412
7994,51418
7995,51471
7996,51520
7997,51540
7998,51562
7999,51575
8000,51638
8001,51660
8002,51662
8003,51666
8004,51678
8005,51694
8006,51698
8007,51705
8008,51709
8009,51834
8010,51884
8011,51903
8012,51925
8013,51927
8014,51931
8015,51933
8016,51935
8017,51937
8018,51939
8019,51991
8020,52005
8021,52042
8022,52227
8023,52241
8024,52245
8025,52279
8026,52281
8027,52283
8028,52287
8029,52319
8030,52321
8031,52328
8032,52375
8033,52435
8034,52448
8035,52456
8036,52458
8037,52460
8038,52462
8039,52579
8040,52591
8041,52604
8042,52606
8043,52644
8044,52668
8045,52694
8046,52712
8047,52715
8048,52717
8049,52722
8050,52724
8051,52730
8052,52767
8053,52838
8054,52867
8055,52885
8056,52950
8057,52952
8058,52967
8059,52973
8060,52975
8061,53000
8062,53002
8063,53004
8064,53024
8065,53121
8066,53123
8067,53125
8068,53127
8069,53129
8070,53140
8071,53161
8072,53189
8073,53207
8074,53318
8075,53322
8076,53326
8077,53349
8078,53435
8079,53447
8080,53450
8081,53460
8082,53464
8083,53466
8084,53468
8085,53519
8086,53550
8087,53574
8088,53578
8089,53737
8090,53769
8091,53827
8092,53887
8093,53894
8094,53906
8095,53919
8096,53921
8097,53953
8098,53956
8099,53972
8100,53974
8101,53988
8102,53993
8103,53996
8104,53999
8105,54001
8106,54004
8107,54075
8108,54094
8109,54116
8110,54190
8111,54193
8112,54256
8113,54259
8114,54270
8115,54272
8116,54274
8117,54276
8118,54278
8119,54281
8120,54286
8121,54290
8122,54328
8123,54331
8124,54372
8125,54503
8126,54513
8127,54612
8128,54648
8129,54686
8130,54732
8131,54734
8132,54736
8133,54745
8134,54768
8135,54771
8136,54775
8137,54780
8138,54785
8139,54787
8140,54796
8141,54881
8142,54910
8143,54934
8144,54962
8145,54978
8146,54995
8147,54997
8148,54999
8149,55020
8150,55031
8151,55052
8152,55063
8153,55067
8154,55069
8155,55071
8156,55080
8157,55094
8158,55100
8159,55110
8160,55116
8161,55118
8162,55156
8163,55167
8164,55176
8165,55205
8166,55232
8167,55241
8168,55245
8169,55247
8170,55250
8171,55253
8172,55255
8173,55257
8174,55259
8175,55261
8176,55267
8177,55269
8178,55272
8179,55274
8180,55276
8181,55278
8182,55280
8183,55282
8184,55284
8185,55286
8186,55288
8187,55290
8188,55292
8189,55363
8190,55442
8191,55444
8192,55451
8193,55498
8194,55553
8195,55555
8196,55566
8197,55577
8198,55620
8199,55687
8200,55721
8201,55729
8202,55732
8203,55765
8204,55768
8205,55805
8206,55814
8207,55820
8208,55830
8209,55872
8210,55895
8211,55901
8212,55908
8213,55946
8214,55955
8215,55995
8216,55999
8217,56001
8218,56003
8219,56012
8220,56060
8221,56079
8222,56145
8223,56152
8224,56156
8225,56165
8226,56169
8227,56171
8228,56174
8229,56176
8230,56251
8231,56274
8232,56286
8233,56333
8234,56336
8235,56339
8236,56367
8237,56379
8238,56389
8239,56508
8240,56563
8241,56587
8242,56607
8243,56633
8244,56671
8245,56715
8246,56757
8247,56775
8248,56782
8249,56788
8250,56801
8251,56805
8252,56846
8253,56885
8254,56908
8255,56915
8256,56921
8257,56941
8258,56945
8259,56949
8260,57147
8261,57223
8262,57243
8263,57274
8264,57326
8265,57353
8266,57368
8267,57370
8268,57401
8269,57464
8270,57502
8271,57504
8272,57520
8273,57526
8274,57528
8275,57532
8276,57534
8277,57536
8278,57538
8279,57637
8280,57640
8281,57669
8282,57792
8283,57845
8284,57910
8285,57949
8286,57951
8287,57972
8288,58025
8289,58047
8290,58078
8291,58103
8292,58105
8293,58107
8294,58146
8295,58154
8296,58156
8297,58162
8298,58191
8299,58246
8300,58291
8301,58293
8302,58295
8303,58297
8304,58299
8305,58301
8306,58303
8307,58306
8308,58315
8309,58332
8310,58334
8311,58347
8312,58351
8313,58376
8314,58418
8315,58425
8316,58432
8317,58490
8318,58492
8319,58494
8320,58559
8321,58622
8322,58627
8323,58652
8324,58655
8325,58706
8326,58783
8327,58803
8328,58806
8329,58839
8330,58876
8331,58879
8332,58937
8333,58964
8334,58972
8335,58975
8336,58998
8337,59014
8338,59016
8339,59018
8340,59022
8341,59026
8342,59037
8343,59103
8344,59105
8345,59107
8346,59118
8347,59126
8348,59141
8349,59143
8350,59220
8351,59256
8352,59258
8353,59295
8354,59306
8355,59315
8356,59333
8357,59336
8358,59369
8359,59382
8360,59387
8361,59392
8362,59404
8363,59418
8364,59421
8365,59429
8366,59440
8367,59501
8368,59519
8369,59549
8370,59590
8371,59594
8372,59604
8373,59607
8374,59615
8375,59684
8376,59709
8377,59715
8378,59721
8379,59725
8380,59727
8381,59729
8382,59731
8383,59738
8384,59784
8385,59810
8386,59900
8387,59908
8388,59910
8389,59915
8390,59985
8391,59995
8392,60037
8393,60040
8394,60069
8395,60072
8396,60074
8397,60126
8398,60128
8399,60141
8400,60161
8401,60289
8402,60291
8403,60293
8404,60295
8405,60333
8406,60341
8407,60363
8408,60382
8409,60397
8410,60408
8411,60418
8412,60471
8413,60482
8414,60487
8415,60503
8416,60514
8417,60516
8418,60522
8419,60566
8420,60609
8421,60647
8422,60649
8423,60674
8424,60684
8425,60735
8426,60753
8427,60756
8428,60758
8429,60760
8430,60763
8431,60766
8432,60816
8433,60818
8434,60832
8435,60894
8436,60937
8437,60939
8438,60941
8439,60943
8440,60948
8441,60950
8442,60979
8443,61024
8444,61026
8445,61071
8446,61073
8447,61075
8448,61123
8449,61132
8450,61160
8451,61167
8452,61210
8453,61236
8454,61240
8455,61246
8456,61248
8457,61250
8458,61255
8459,61257
8460,61262
8461,61289
8462,61323
8463,61348
8464,61350
8465,61352
8466,61354
8467,61361
8468,61394
8469,61401
8470,61449
8471,61465
8472,61646
8473,61678
8474,61697
8475,61705
8476,61729
8477,61941
8478,61986
8479,61991
8480,62049
8481,62081
8482,62113
8483,62137
8484,62155
8485,62203
8486,62235
8487,62250
8488,62265
8489,62293
8490,62336
8491,62344
8492,62374
8493,62376
8494,62394
8495,62434
8496,62437
8497,62439
8498,62511
8499,62553
8500,62577
8501,62586
8502,62644
8503,62718
8504,62733
8505,62788
8506,62792
8507,62799
8508,62801
8509,62803
8510,62834
8511,62836
8512,62849
8513,62912
8514,62956
8515,62970
8516,62999
8517,63033
8518,63062
8519,63072
8520,63082
8521,63113
8522,63131
8523,63179
8524,63189
8525,63222
8526,63239
8527,63393
8528,63433
8529,63436
8530,63446
8531,63479
8532,63515
8533,63540
8534,63808
8535,63826
8536,63853
8537,63859
8538,63876
8539,63992
8540,64030
8541,64032
8542,64034
8543,64037
8544,64114
8545,64116
8546,64197
8547,64229
8548,64231
8549,64249
8550,64278
8551,64285
8552,64497
8553,64499
8554,64501
8555,64508
8556,64575
8557,64614
8558,64620
8559,64622
8560,64701
8561,64716
8562,64839
8563,64957
8564,64969
8565,64983
8566,64993
8567,64997
8568,65037
8569,65045
8570,65088
8571,65126
8572,65130
8573,65133
8574,65135
8575,65188
8576,65193
8577,65216
8578,65225
8579,65230
8580,65261
8581,65418
8582,65435
8583,65465
8584,65514
8585,65567
8586,65577
8587,65585
8588,65588
8589,65596
8590,65601
8591,65612
8592,65631
8593,65642
8594,65682
8595,65685
8596,65802
8597,65810
8598,65813
8599,65817
8600,65868
8601,65882
8602,65939
8603,65982
8604,66066
8605,66090
8606,66097
8607,66130
8608,66156
8609,66171
8610,66198
8611,66200
8612,66203
8613,66240
8614,66297
8615,66304
8616,66335
8617,66354
8618,66371
8619,66385
8620,66427
8621,66509
8622,66639
8623,66665
8624,66691
8625,66744
8626,66783
8627,66785
8628,66798
8629,66915
8630,66934
8631,67073
8632,67087
8633,67138
8634,67168
8635,67186
8636,67193
8637,67197
8638,67223
8639,67252
8640,67255
8641,67267
8642,67295
8643,67361
8644,67408
8645,67429
8646,67508
8647,67534
8648,67620
8649,67665
8650,67695
8651,67734
8652,67788
8653,67799
8654,67801
8655,67867
8656,67923
8657,67997
8658,68073
8659,68135
8660,68157
8661,68159
8662,68194
8663,68205
8664,68237
8665,68263
8666,68269
8667,68288
8668,68319
8669,68324
8670,68347
8671,68358
8672,68442
8673,68444
8674,68486
8675,68519
8676,68522
8677,68536
8678,68552
8679,68554
8680,68650
8681,68659
8682,68749
8683,68791
8684,68793
8685,68838
8686,68843
8687,68848
8688,68932
8689,68941
8690,68945
8691,68952
8692,68954
8693,68959
8694,68963
8695,68967
8696,69069
8697,69118
8698,69122
8699,69131
8700,69134
8701,69140
8702,69253
8703,69275
8704,69278
8705,69306
8706,69324
8707,69394
8708,69406
8709,69436
8710,69458
8711,69481
8712,69516
8713,69524
8714,69526
8715,69529
8716,69574
8717,69604
8718,69606
8719,69640
8720,69644
8721,69654
8722,69685
8723,69712
8724,69746
8725,69757
8726,69784
8727,69805
8728,69818
8729,69844
8730,69849
8731,69951
8732,69988
8733,69995
8734,70032
8735,70159
8736,70183
8737,70206
8738,70208
8739,70282
8740,70286
8741,70293
8742,70301
8743,70305
8744,70334
8745,70336
8746,70344
8747,70361
8748,70410
8749,70451
8750,70521
8751,70533
8752,70565
8753,70567
8754,70597
8755,70599
8756,70641
8757,70643
8758,70663
8759,70687
8760,70697
8761,70706
8762,70708
8763,70728
8764,70846
8765,70862
8766,70898
8767,70912
8768,70932
8769,70946
8770,70984
8771,70994
8772,71033
8773,71057
8774,71106
8775,71108
8776,71129
8777,71135
8778,71156
8779,71205
8780,71211
8781,71248
8782,71252
8783,71254
8784,71264
8785,71282
8786,71304
8787,71318
8788,71325
8789,71327
8790,71379
8791,71390
8792,71429
8793,71450
8794,71460
8795,71462
8796,71464
8797,71466
8798,71468
8799,71484
8800,71500
8801,71518
8802,71520
8803,71530
8804,71535
8805,71537
8806,71542
8807,71550
8808,71571
8809,71573
8810,71579
8811,71619
8812,71668
8813,71670
8814,71691
8815,71700
8816,71732
8817,71745
8818,71810
8819,71823
8820,71838
8821,71876
8822,71878
8823,71899
8824,71902
8825,71910
8826,71926
8827,71928
8828,72011
8829,72043
8830,72113
8831,72129
8832,72131
8833,72165
8834,72167
8835,72169
8836,72171
8837,72176
8838,72209
8839,72224
8840,72226
8841,72228
8842,72249
8843,72294
8844,72308
8845,72330
8846,72356
8847,72367
8848,72378
8849,72380
8850,72386
8851,72393
8852,72395
8853,72405
8854,72407
8855,72479
8856,72489
8857,72554
8858,72591
8859,72601
8860,72603
8861,72605
8862,72641
8863,72694
8864,72696
8865,72701
8866,72703
8867,72714
8868,72720
8869,72731
8870,72733
8871,72737
8872,72741
8873,72762
8874,72919
8875,72980
8876,72982
8877,72998
8878,73000
8879,73015
8880,73017
8881,73023
8882,73027
8883,73042
8884,73101
8885,73106
8886,73168
8887,73211
8888,73266
8889,73268
8890,73290
8891,73319
8892,73321
8893,73323
8894,73344
8895,73392
8896,73488
8897,73511
8898,73572
8899,73587
8900,73681
8901,73759
8902,73808
8903,73829
8904,73854
8905,73860
8906,73874
8907,73881
8908,73929
8909,74089
8910,74131
8911,74152
8912,74154
8913,74156
8914,74228
8915,74275
8916,74282
8917,74324
8918,74370
8919,74416
8920,74450
8921,74452
8922,74458
8923,74484
8924,74486
8925,74488
8926,74504
8927,74508
8928,74510
8929,74530
8930,74532
8931,74541
8932,74545
8933,74553
8934,74580
8935,74624
8936,74668
8937,74677
8938,74685
8939,74688
8940,74698
8941,74750
8942,74787
8943,74789
8944,74791
8945,74795
8946,74851
8947,74864
8948,74868
8949,74916
8950,74944
8951,74946
8952,74948
8953,75341
8954,75395
8955,75425
8956,75440
8957,75805
8958,75813
8959,75985
8960,76030
8961,76054
8962,76060
8963,76077
8964,76079
8965,76091
8966,76093
8967,76130
8968,76173
8969,76175
8970,76210
8971,76251
8972,76272
8973,76293
8974,76301
8975,76317
8976,76738
8977,76755
8978,76763
8979,77154
8980,77191
8981,77201
8982,77206
8983,77240
8984,77307
8985,77328
8986,77330
8987,77359
8988,77364
8989,77414
8990,77421
8991,77427
8992,77455
8993,77540
8994,77561
8995,77629
8996,77667
8997,77795
8998,77798
8999,77800
9000,77833
9001,77837
9002,77843
9003,77846
9004,77854
9005,77866
9006,78034
9007,78039
9008,78041
9009,78088
9010,78105
9011,78116
9012,78160
9013,78162
9014,78174
9015,78209
9016,78218
9017,78264
9018,78266
9019,78316
9020,78319
9021,78321
9022,78349
9023,78467
9024,78469
9025,78499
9026,78517
9027,78544
9028,78574
9029,78637
9030,78679
9031,78703
9032,78729
9033,78746
9034,78759
9035,78772
9036,78774
9037,78836
9038,78893
9039,79008
9040,79057
9041,79073
9042,79091
9043,79132
9044,79134
9045,79139
9046,79185
9047,79224
9048,79242
9049,79251
9050,79274
9051,79293
9052,79318
9053,79357
9054,79428
9055,79463
9056,79536
9057,79553
9058,79588
9059,79590
9060,79592
9061,79684
9062,79695
9063,79702
9064,79720
9065,79760
9066,79796
9067,79800
9068,79824
9069,79860
9070,79879
9071,79897
9072,79946
9073,79987
9074,80026
9075,80094
9076,80126
9077,80139
9078,80166
9079,80185
9080,80219
9081,80222
9082,80241
9083,80350
9084,80363
9085,80398
9086,80463
9087,80469
9088,80489
9089,80549
9090,80551
9091,80553
9092,80572
9093,80586
9094,80590
9095,80615
9096,80617
9097,80693
9098,80727
9099,80775
9100,80831
9101,80839
9102,80846
9103,80858
9104,80860
9105,80862
9106,80864
9107,80880
9108,80906
9109,80917
9110,80928
9111,80939
9112,80969
9113,81018
9114,81132
9115,81156
9116,81158
9117,81180
9118,81191
9119,81229
9120,81257
9121,81383
9122,81385
9123,81417
9124,81456
9125,81512
9126,81516
9127,81535
9128,81537
9129,81562
9130,81564
9131,81591
9132,81639
9133,81641
9134,81731
9135,81751
9136,81782
9137,81784
9138,81786
9139,81788
9140,81791
9141,81804
9142,81817
9143,81819
9144,81834
9145,81845
9146,81847
9147,81910
9148,81932
9149,82037
9150,82041
9151,82053
9152,82093
9153,82095
9154,82152
9155,82167
9156,82169
9157,82173
9158,82202
9159,82242
9160,82244
9161,82378
9162,82447
9163,82459
9164,82461
9165,82463
9166,82499
9167,82527
9168,82534
9169,82589
9170,82667
9171,82744
9172,82767
9173,82852
9174,82854
9175,83086
9176,83132
9177,83134
9178,83177
9179,83270
9180,83293
9181,83302
9182,83349
9183,83369
9184,83374
9185,83480
9186,83506
9187,83613
9188,83798
9189,83803
9190,83827
9191,83910
9192,83976
9193,84116
9194,84152
9195,84187
9196,84189
9197,84240
9198,84242
9199,84273
9200,84374
9201,84392
9202,84395
9203,84414
9204,84570
9205,84601
9206,84613
9207,84615
9208,84637
9209,84696
9210,84716
9211,84732
9212,84772
9213,84775
9214,84847
9215,84942
9216,84944
9217,84950
9218,84952
9219,84954
9220,84980
9221,85007
9222,85020
9223,85022
9224,85025
9225,85056
9226,85131
9227,85179
9228,85211
9229,85213
9230,85261
9231,85342
9232,85354
9233,85367
9234,85372
9235,85394
9236,85397
9237,85401
9238,85412
9239,85414
9240,85438
9241,85510
9242,85736
9243,85774
9244,85780
9245,85788
9246,85790
9247,85796
9248,85881
9249,86000
9250,86059
9251,86142
9252,86190
9253,86290
9254,86293
9255,86295
9256,86298
9257,86332
9258,86345
9259,86347
9260,86355
9261,86487
9262,86548
9263,86628
9264,86644
9265,86781
9266,86815
9267,86817
9268,86833
9269,86835
9270,86852
9271,86880
9272,86882
9273,86884
9274,86892
9275,86898
9276,86911
9277,87004
9278,87028
9279,87079
9280,87192
9281,87194
9282,87222
9283,87232
9284,87234
9285,87298
9286,87304
9287,87306
9288,87308
9289,87430
9290,87483
9291,87485
9292,87520
9293,87522
9294,87529
9295,87660
9296,87785
9297,87867
9298,87869
9299,87876
9300,87921
9301,88108
9302,88118
9303,88127
9304,88129
9305,88140
9306,88163
9307,88179
9308,88235
9309,88267
9310,88345
9311,88356
9312,88405
9313,88515
9314,88672
9315,88744
9316,88746
9317,88785
9318,88810
9319,88812
9320,88932
9321,88950
9322,88954
9323,89002
9324,89028
9325,89030
9326,89039
9327,89045
9328,89047
9329,89072
9330,89074
9331,89085
9332,89087
9333,89090
9334,89102
9335,89118
9336,89190
9337,89260
9338,89305
9339,89321
9340,89337
9341,89343
9342,89369
9343,89388
9344,89470
9345,89480
9346,89490
9347,89492
9348,89535
9349,89629
9350,89745
9351,89753
9352,89759
9353,89761
9354,89774
9355,89780
9356,89804
9357,89837
9358,89840
9359,89862
9360,89864
9361,89900
9362,89904
9363,90057
9364,90249
9365,90266
9366,90343
9367,90345
9368,90357
9369,90374
9370,90376
9371,90378
9372,90403
9373,90405
9374,90428
9375,90430
9376,90439
9377,90469
9378,90471
9379,90522
9380,90524
9381,90528
9382,90531
9383,90576
9384,90578
9385,90600
9386,90603
9387,90624
9388,90645
9389,90647
9390,90717
9391,90719
9392,90738
9393,90746
9394,90863
9395,90866
9396,90870
9397,90888
9398,90890
9399,90914
9400,90943
9401,90947
9402,91077
9403,91079
9404,91094
9405,91104
9406,91126
9407,91128
9408,91134
9409,91199
9410,91323
9411,91325
9412,91371
9413,91386
9414,91414
9415,91485
9416,91500
9417,91529
9418,91535
9419,91542
9420,91548
9421,91571
9422,91622
9423,91628
9424,91630
9425,91653
9426,91658
9427,91660
9428,91671
9429,91673
9430,91690
9431,91842
9432,91869
9433,91890
9434,91974
9435,91976
9436,91978
9437,92008
9438,92048
9439,92058
9440,92192
9441,92198
9442,92214
9443,92234
9444,92243
9445,92259
9446,92264
9447,92309
9448,92420
9449,92422
9450,92507
9451,92509
9452,92535
9453,92643
9454,92681
9455,92694
9456,92920
9457,92938
9458,93242
9459,93265
9460,93270
9461,93272
9462,93287
9463,93297
9464,93326
9465,93363
9466,93443
9467,93475
9468,93498
9469,93510
9470,93512
9471,93563
9472,93721
9473,93723
9474,93740
9475,93766
9476,93790
9477,93805
9478,93831
9479,93838
9480,93840
9481,93855
9482,93982
9483,94015
9484,94018
9485,94070
9486,94126
9487,94150
9488,94266
9489,94325
9490,94405
9491,94466
9492,94478
9493,94677
9494,94777
9495,94780
9496,94833
9497,94864
9498,94896
9499,94931
9500,94953
9501,94959
9502,94985
9503,95058
9504,95088
9505,95105
9506,95135
9507,95167
9508,95199
9509,95201
9510,95207
9511,95307
9512,95309
9513,95313
9514,95441
9515,95449
9516,95488
9517,95510
9518,95543
9519,95558
9520,95567
9521,95583
9522,95720
9523,95744
9524,95761
9525,95873
9526,95875
9527,95939
9528,96079
9529,96110
9530,96121
9531,96150
9532,96281
9533,96314
9534,96367
9535,96417
9536,96432
9537,96467
9538,96488
9539,96565
9540,96567
9541,96588
9542,96606
9543,96610
9544,96612
9545,96616
9546,96655
9547,96667
9548,96691
9549,96693
9550,96728
9551,96737
9552,96751
9553,96811
9554,96815
9555,96821
9556,96829
9557,96832
9558,96857
9559,96861
9560,96911
9561,97024
9562,97057
9563,97168
9564,97172
9565,97188
9566,97225
9567,97304
9568,97306
9569,97311
9570,97328
9571,97673
9572,97742
9573,97752
9574,97785
9575,97836
9576,97860
9577,97866
9578,97870
9579,97913
9580,97921
9581,97923
9582,97936
9583,97938
9584,97950
9585,98056
9586,98122
9587,98124
9588,98154
9589,98203
9590,98239
9591,98243
9592,98296
9593,98361
9594,98491
9595,98585
9596,98809
9597,98836
9598,98961
9599,99007
9600,99106
9601,99112
9602,99114
9603,99117
9604,99145
9605,99149
9606,99220
9607,99437
9608,99574
9609,99728
9610,99750
9611,99813
9612,99910
9613,99912
9614,99917
9615,99957
9616,100083
9617,100108
9618,100163
9619,100244
9620,100302
9621,100326
9622,100344
9623,100383
9624,100390
9625,100487
9626,100498
9627,100507
9628,100527
9629,100556
9630,100714
9631,100737
9632,100745
9633,101025
9634,101076
9635,101088
9636,101112
9637,101137
9638,101142
9639,101283
9640,101285
9641,101360
9642,101362
9643,101525
9644,101577
9645,101612
9646,101739
9647,101741
9648,101864
9649,101895
9650,101973
9651,102033
9652,102125
9653,102194
9654,102407
9655,102481
9656,102684
9657,102686
9658,102716
9659,102720
9660,102800
9661,102819
9662,102880
9663,102903
9664,102993
9665,103027
9666,103042
9667,103048
9668,103075
9669,103137
9670,103141
9671,103228
9672,103249
9673,103253
9674,103306
9675,103335
9676,103339
9677,103341
9678,103372
9679,103384
9680,103539
9681,103624
9682,103655
9683,103659
9684,103688
9685,103772
9686,103801
9687,103810
9688,103883
9689,103980
9690,104074
9691,104078
9692,104211
9693,104241
9694,104243
9695,104272
9696,104303
9697,104337
9698,104339
9699,104374
9700,104841
9701,104879
9702,104908
9703,104913
9704,104925
9705,105197
9706,105211
9707,105213
9708,105355
9709,105504
9710,105653
9711,105731
9712,105755
9713,105844
9714,105954
9715,106002
9716,106072
9717,106100
9718,106330
9719,106438
9720,106487
9721,106489
9722,106642
9723,106696
9724,106766
9725,106782
9726,106841
9727,106916
9728,106918
9729,106920
9730,107069
9731,107141
9732,107348
9733,108932
